2025-05-27 17:48:29,476 - __main__ - INFO - Starting preprocessing with topic-based chunking
2025-05-27 17:48:29,477 - __main__ - INFO - Processing documentation from data/developer-docs/apps/nextra/pages
2025-05-27 17:48:29,487 - __main__ - INFO - Found 531 markdown files to process in data/developer-docs/apps/nextra/pages
2025-05-27 17:48:29,487 - __main__ - INFO - Processing file 1/531: data/developer-docs/apps/nextra/pages/zh/index.mdx
2025-05-27 17:48:29,487 - __main__ - INFO - Processing markdown document: data/developer-docs/apps/nextra/pages/zh/index.mdx
2025-05-27 17:48:29,487 - __main__ - INFO - Processing file 2/531: data/developer-docs/apps/nextra/pages/zh/network/nodes.mdx
2025-05-27 17:48:29,488 - __main__ - INFO - Processing markdown document: data/developer-docs/apps/nextra/pages/zh/network/nodes.mdx
2025-05-27 17:48:29,488 - __main__ - INFO - Processing file 3/531: data/developer-docs/apps/nextra/pages/zh/network/nodes/localnet.mdx
2025-05-27 17:48:29,488 - __main__ - INFO - Processing markdown document: data/developer-docs/apps/nextra/pages/zh/network/nodes/localnet.mdx
2025-05-27 17:48:29,488 - __main__ - INFO - Processing file 4/531: data/developer-docs/apps/nextra/pages/zh/network/nodes/building-from-source.mdx
2025-05-27 17:48:29,488 - __main__ - INFO - Processing markdown document: data/developer-docs/apps/nextra/pages/zh/network/nodes/building-from-source.mdx
2025-05-27 17:48:29,488 - __main__ - INFO - Processing file 5/531: data/developer-docs/apps/nextra/pages/zh/network/nodes/aptos-api-spec.mdx
2025-05-27 17:48:29,489 - __main__ - INFO - Processing markdown document: data/developer-docs/apps/nextra/pages/zh/network/nodes/aptos-api-spec.mdx
2025-05-27 17:48:29,489 - __main__ - INFO - Processing file 6/531: data/developer-docs/apps/nextra/pages/zh/network/nodes/full-node.mdx
2025-05-27 17:48:29,489 - __main__ - INFO - Processing markdown document: data/developer-docs/apps/nextra/pages/zh/network/nodes/full-node.mdx
2025-05-27 17:48:29,489 - __main__ - INFO - Processing file 7/531: data/developer-docs/apps/nextra/pages/zh/network/nodes/validator-node.mdx
2025-05-27 17:48:29,489 - __main__ - INFO - Processing markdown document: data/developer-docs/apps/nextra/pages/zh/network/nodes/validator-node.mdx
2025-05-27 17:48:29,489 - __main__ - INFO - Processing file 8/531: data/developer-docs/apps/nextra/pages/zh/network/nodes/measure.mdx
2025-05-27 17:48:29,489 - __main__ - INFO - Processing markdown document: data/developer-docs/apps/nextra/pages/zh/network/nodes/measure.mdx
2025-05-27 17:48:29,489 - __main__ - INFO - Processing file 9/531: data/developer-docs/apps/nextra/pages/zh/network/nodes/networks.mdx
2025-05-27 17:48:29,489 - __main__ - INFO - Processing markdown document: data/developer-docs/apps/nextra/pages/zh/network/nodes/networks.mdx
2025-05-27 17:48:29,490 - __main__ - INFO - Processing file 10/531: data/developer-docs/apps/nextra/pages/zh/network/nodes/bootstrap-fullnode.mdx
2025-05-27 17:48:29,490 - __main__ - INFO - Processing markdown document: data/developer-docs/apps/nextra/pages/zh/network/nodes/bootstrap-fullnode.mdx
2025-05-27 17:48:29,490 - __main__ - INFO - Progress: 10/531 files (1.9%)
2025-05-27 17:48:29,490 - __main__ - INFO - Processing file 11/531: data/developer-docs/apps/nextra/pages/zh/network/nodes/configure.mdx
2025-05-27 17:48:29,490 - __main__ - INFO - Processing markdown document: data/developer-docs/apps/nextra/pages/zh/network/nodes/configure.mdx
2025-05-27 17:48:29,490 - __main__ - INFO - Processing file 12/531: data/developer-docs/apps/nextra/pages/zh/network/nodes/identity-and-configuration.mdx
2025-05-27 17:48:29,490 - __main__ - INFO - Processing markdown document: data/developer-docs/apps/nextra/pages/zh/network/nodes/identity-and-configuration.mdx
2025-05-27 17:48:29,490 - __main__ - INFO - Processing file 13/531: data/developer-docs/apps/nextra/pages/zh/network/nodes/localnet/local-development-network.mdx
2025-05-27 17:48:29,490 - __main__ - INFO - Processing markdown document: data/developer-docs/apps/nextra/pages/zh/network/nodes/localnet/local-development-network.mdx
2025-05-27 17:48:29,491 - __main__ - INFO - Processing file 14/531: data/developer-docs/apps/nextra/pages/zh/network/nodes/localnet/run-a-localnet.mdx
2025-05-27 17:48:29,491 - __main__ - INFO - Processing markdown document: data/developer-docs/apps/nextra/pages/zh/network/nodes/localnet/run-a-localnet.mdx
2025-05-27 17:48:29,491 - __main__ - INFO - Processing file 15/531: data/developer-docs/apps/nextra/pages/zh/network/nodes/configure/node-files-all-networks.mdx
2025-05-27 17:48:29,491 - __main__ - INFO - Processing markdown document: data/developer-docs/apps/nextra/pages/zh/network/nodes/configure/node-files-all-networks.mdx
2025-05-27 17:48:29,491 - __main__ - INFO - Processing file 16/531: data/developer-docs/apps/nextra/pages/zh/network/nodes/configure/state-sync.mdx
2025-05-27 17:48:29,491 - __main__ - INFO - Processing markdown document: data/developer-docs/apps/nextra/pages/zh/network/nodes/configure/state-sync.mdx
2025-05-27 17:48:29,491 - __main__ - INFO - Processing file 17/531: data/developer-docs/apps/nextra/pages/zh/network/nodes/configure/telemetry.mdx
2025-05-27 17:48:29,492 - __main__ - INFO - Processing markdown document: data/developer-docs/apps/nextra/pages/zh/network/nodes/configure/telemetry.mdx
2025-05-27 17:48:29,492 - __main__ - INFO - Processing file 18/531: data/developer-docs/apps/nextra/pages/zh/network/nodes/configure/data-pruning.mdx
2025-05-27 17:48:29,492 - __main__ - INFO - Processing markdown document: data/developer-docs/apps/nextra/pages/zh/network/nodes/configure/data-pruning.mdx
2025-05-27 17:48:29,492 - __main__ - INFO - Processing file 19/531: data/developer-docs/apps/nextra/pages/zh/network/nodes/configure/node-files-all-networks/node-files-testnet.mdx
2025-05-27 17:48:29,492 - __main__ - INFO - Processing markdown document: data/developer-docs/apps/nextra/pages/zh/network/nodes/configure/node-files-all-networks/node-files-testnet.mdx
2025-05-27 17:48:29,493 - __main__ - INFO - Processing file 20/531: data/developer-docs/apps/nextra/pages/zh/network/nodes/configure/node-files-all-networks/node-files-mainnet.mdx
2025-05-27 17:48:29,493 - __main__ - INFO - Processing markdown document: data/developer-docs/apps/nextra/pages/zh/network/nodes/configure/node-files-all-networks/node-files-mainnet.mdx
2025-05-27 17:48:29,493 - __main__ - INFO - Progress: 20/531 files (3.8%)
2025-05-27 17:48:29,493 - __main__ - INFO - Processing file 21/531: data/developer-docs/apps/nextra/pages/zh/network/nodes/configure/node-files-all-networks/node-files-devnet.mdx
2025-05-27 17:48:29,493 - __main__ - INFO - Processing markdown document: data/developer-docs/apps/nextra/pages/zh/network/nodes/configure/node-files-all-networks/node-files-devnet.mdx
2025-05-27 17:48:29,493 - __main__ - INFO - Processing file 22/531: data/developer-docs/apps/nextra/pages/zh/network/nodes/measure/important-metrics.mdx
2025-05-27 17:48:29,493 - __main__ - INFO - Processing markdown document: data/developer-docs/apps/nextra/pages/zh/network/nodes/measure/important-metrics.mdx
2025-05-27 17:48:29,493 - __main__ - INFO - Processing file 23/531: data/developer-docs/apps/nextra/pages/zh/network/nodes/measure/node-inspection-service.mdx
2025-05-27 17:48:29,494 - __main__ - INFO - Processing markdown document: data/developer-docs/apps/nextra/pages/zh/network/nodes/measure/node-inspection-service.mdx
2025-05-27 17:48:29,494 - __main__ - INFO - Processing file 24/531: data/developer-docs/apps/nextra/pages/zh/network/nodes/measure/node-health-checker.mdx
2025-05-27 17:48:29,494 - __main__ - INFO - Processing markdown document: data/developer-docs/apps/nextra/pages/zh/network/nodes/measure/node-health-checker.mdx
2025-05-27 17:48:29,494 - __main__ - INFO - Processing file 25/531: data/developer-docs/apps/nextra/pages/zh/network/nodes/measure/node-health-checker-faq.mdx
2025-05-27 17:48:29,494 - __main__ - INFO - Processing markdown document: data/developer-docs/apps/nextra/pages/zh/network/nodes/measure/node-health-checker-faq.mdx
2025-05-27 17:48:29,494 - __main__ - INFO - Processing file 26/531: data/developer-docs/apps/nextra/pages/zh/network/nodes/full-node/modify.mdx
2025-05-27 17:48:29,494 - __main__ - INFO - Processing markdown document: data/developer-docs/apps/nextra/pages/zh/network/nodes/full-node/modify.mdx
2025-05-27 17:48:29,494 - __main__ - INFO - Processing file 27/531: data/developer-docs/apps/nextra/pages/zh/network/nodes/full-node/verify-pfn.mdx
2025-05-27 17:48:29,494 - __main__ - INFO - Processing markdown document: data/developer-docs/apps/nextra/pages/zh/network/nodes/full-node/verify-pfn.mdx
2025-05-27 17:48:29,494 - __main__ - INFO - Processing file 28/531: data/developer-docs/apps/nextra/pages/zh/network/nodes/full-node/deployments.mdx
2025-05-27 17:48:29,494 - __main__ - INFO - Processing markdown document: data/developer-docs/apps/nextra/pages/zh/network/nodes/full-node/deployments.mdx
2025-05-27 17:48:29,494 - __main__ - INFO - Processing file 29/531: data/developer-docs/apps/nextra/pages/zh/network/nodes/full-node/pfn-requirements.mdx
2025-05-27 17:48:29,495 - __main__ - INFO - Processing markdown document: data/developer-docs/apps/nextra/pages/zh/network/nodes/full-node/pfn-requirements.mdx
2025-05-27 17:48:29,495 - __main__ - INFO - Processing file 30/531: data/developer-docs/apps/nextra/pages/zh/network/nodes/full-node/modify/update-fullnode-with-new-releases.mdx
2025-05-27 17:48:29,495 - __main__ - INFO - Processing markdown document: data/developer-docs/apps/nextra/pages/zh/network/nodes/full-node/modify/update-fullnode-with-new-releases.mdx
2025-05-27 17:48:29,495 - __main__ - INFO - Progress: 30/531 files (5.6%)
2025-05-27 17:48:29,495 - __main__ - INFO - Processing file 31/531: data/developer-docs/apps/nextra/pages/zh/network/nodes/full-node/modify/network-identity-fullnode.mdx
2025-05-27 17:48:29,495 - __main__ - INFO - Processing markdown document: data/developer-docs/apps/nextra/pages/zh/network/nodes/full-node/modify/network-identity-fullnode.mdx
2025-05-27 17:48:29,495 - __main__ - INFO - Processing file 32/531: data/developer-docs/apps/nextra/pages/zh/network/nodes/full-node/modify/fullnode-network-connections.mdx
2025-05-27 17:48:29,495 - __main__ - INFO - Processing markdown document: data/developer-docs/apps/nextra/pages/zh/network/nodes/full-node/modify/fullnode-network-connections.mdx
2025-05-27 17:48:29,495 - __main__ - INFO - Processing file 33/531: data/developer-docs/apps/nextra/pages/zh/network/nodes/full-node/deployments/using-docker.mdx
2025-05-27 17:48:29,495 - __main__ - INFO - Processing markdown document: data/developer-docs/apps/nextra/pages/zh/network/nodes/full-node/deployments/using-docker.mdx
2025-05-27 17:48:29,495 - __main__ - INFO - Processing file 34/531: data/developer-docs/apps/nextra/pages/zh/network/nodes/full-node/deployments/using-source-code.mdx
2025-05-27 17:48:29,495 - __main__ - INFO - Processing markdown document: data/developer-docs/apps/nextra/pages/zh/network/nodes/full-node/deployments/using-source-code.mdx
2025-05-27 17:48:29,496 - __main__ - INFO - Processing file 35/531: data/developer-docs/apps/nextra/pages/zh/network/nodes/full-node/deployments/using-gcp.mdx
2025-05-27 17:48:29,496 - __main__ - INFO - Processing markdown document: data/developer-docs/apps/nextra/pages/zh/network/nodes/full-node/deployments/using-gcp.mdx
2025-05-27 17:48:29,496 - __main__ - INFO - Processing file 36/531: data/developer-docs/apps/nextra/pages/zh/network/nodes/bootstrap-fullnode/aptos-db-restore.mdx
2025-05-27 17:48:29,496 - __main__ - INFO - Processing markdown document: data/developer-docs/apps/nextra/pages/zh/network/nodes/bootstrap-fullnode/aptos-db-restore.mdx
2025-05-27 17:48:29,496 - __main__ - INFO - Processing file 37/531: data/developer-docs/apps/nextra/pages/zh/network/nodes/bootstrap-fullnode/bootstrap-fullnode.mdx
2025-05-27 17:48:29,496 - __main__ - INFO - Processing markdown document: data/developer-docs/apps/nextra/pages/zh/network/nodes/bootstrap-fullnode/bootstrap-fullnode.mdx
2025-05-27 17:48:29,496 - __main__ - INFO - Processing file 38/531: data/developer-docs/apps/nextra/pages/zh/network/nodes/validator-node/node-requirements.mdx
2025-05-27 17:48:29,497 - __main__ - INFO - Processing markdown document: data/developer-docs/apps/nextra/pages/zh/network/nodes/validator-node/node-requirements.mdx
2025-05-27 17:48:29,497 - __main__ - INFO - Processing file 39/531: data/developer-docs/apps/nextra/pages/zh/network/nodes/validator-node/verify-nodes.mdx
2025-05-27 17:48:29,497 - __main__ - INFO - Processing markdown document: data/developer-docs/apps/nextra/pages/zh/network/nodes/validator-node/verify-nodes.mdx
2025-05-27 17:48:29,497 - __main__ - INFO - Processing file 40/531: data/developer-docs/apps/nextra/pages/zh/network/nodes/validator-node/connect-nodes.mdx
2025-05-27 17:48:29,497 - __main__ - INFO - Processing markdown document: data/developer-docs/apps/nextra/pages/zh/network/nodes/validator-node/connect-nodes.mdx
2025-05-27 17:48:29,497 - __main__ - INFO - Progress: 40/531 files (7.5%)
2025-05-27 17:48:29,497 - __main__ - INFO - Processing file 41/531: data/developer-docs/apps/nextra/pages/zh/network/nodes/validator-node/modify-nodes.mdx
2025-05-27 17:48:29,497 - __main__ - INFO - Processing markdown document: data/developer-docs/apps/nextra/pages/zh/network/nodes/validator-node/modify-nodes.mdx
2025-05-27 17:48:29,497 - __main__ - INFO - Processing file 42/531: data/developer-docs/apps/nextra/pages/zh/network/nodes/validator-node/deploy-nodes.mdx
2025-05-27 17:48:29,497 - __main__ - INFO - Processing markdown document: data/developer-docs/apps/nextra/pages/zh/network/nodes/validator-node/deploy-nodes.mdx
2025-05-27 17:48:29,497 - __main__ - INFO - Processing file 43/531: data/developer-docs/apps/nextra/pages/zh/network/nodes/validator-node/operator.mdx
2025-05-27 17:48:29,498 - __main__ - INFO - Processing markdown document: data/developer-docs/apps/nextra/pages/zh/network/nodes/validator-node/operator.mdx
2025-05-27 17:48:29,498 - __main__ - INFO - Processing file 44/531: data/developer-docs/apps/nextra/pages/zh/network/nodes/validator-node/verify-nodes/node-liveness-criteria.mdx
2025-05-27 17:48:29,498 - __main__ - INFO - Processing markdown document: data/developer-docs/apps/nextra/pages/zh/network/nodes/validator-node/verify-nodes/node-liveness-criteria.mdx
2025-05-27 17:48:29,498 - __main__ - INFO - Processing file 45/531: data/developer-docs/apps/nextra/pages/zh/network/nodes/validator-node/verify-nodes/leaderboard-metrics.mdx
2025-05-27 17:48:29,498 - __main__ - INFO - Processing markdown document: data/developer-docs/apps/nextra/pages/zh/network/nodes/validator-node/verify-nodes/leaderboard-metrics.mdx
2025-05-27 17:48:29,498 - __main__ - INFO - Processing file 46/531: data/developer-docs/apps/nextra/pages/zh/network/nodes/validator-node/deploy-nodes/using-docker.mdx
2025-05-27 17:48:29,498 - __main__ - INFO - Processing markdown document: data/developer-docs/apps/nextra/pages/zh/network/nodes/validator-node/deploy-nodes/using-docker.mdx
2025-05-27 17:48:29,498 - __main__ - INFO - Processing file 47/531: data/developer-docs/apps/nextra/pages/zh/network/nodes/validator-node/deploy-nodes/using-azure.mdx
2025-05-27 17:48:29,498 - __main__ - INFO - Processing markdown document: data/developer-docs/apps/nextra/pages/zh/network/nodes/validator-node/deploy-nodes/using-azure.mdx
2025-05-27 17:48:29,499 - __main__ - INFO - Processing file 48/531: data/developer-docs/apps/nextra/pages/zh/network/nodes/validator-node/deploy-nodes/using-source-code.mdx
2025-05-27 17:48:29,499 - __main__ - INFO - Processing markdown document: data/developer-docs/apps/nextra/pages/zh/network/nodes/validator-node/deploy-nodes/using-source-code.mdx
2025-05-27 17:48:29,501 - __main__ - INFO - Processing file 49/531: data/developer-docs/apps/nextra/pages/zh/network/nodes/validator-node/deploy-nodes/using-aws.mdx
2025-05-27 17:48:29,501 - __main__ - INFO - Processing markdown document: data/developer-docs/apps/nextra/pages/zh/network/nodes/validator-node/deploy-nodes/using-aws.mdx
2025-05-27 17:48:29,501 - __main__ - INFO - Processing file 50/531: data/developer-docs/apps/nextra/pages/zh/network/nodes/validator-node/deploy-nodes/using-gcp.mdx
2025-05-27 17:48:29,501 - __main__ - INFO - Processing markdown document: data/developer-docs/apps/nextra/pages/zh/network/nodes/validator-node/deploy-nodes/using-gcp.mdx
2025-05-27 17:48:29,502 - __main__ - INFO - Progress: 50/531 files (9.4%)
2025-05-27 17:48:29,502 - __main__ - INFO - Processing file 51/531: data/developer-docs/apps/nextra/pages/zh/network/nodes/validator-node/modify-nodes/update-validator-node.mdx
2025-05-27 17:48:29,502 - __main__ - INFO - Processing markdown document: data/developer-docs/apps/nextra/pages/zh/network/nodes/validator-node/modify-nodes/update-validator-node.mdx
2025-05-27 17:48:29,502 - __main__ - INFO - Processing file 52/531: data/developer-docs/apps/nextra/pages/zh/network/nodes/validator-node/modify-nodes/shutting-down-nodes.mdx
2025-05-27 17:48:29,502 - __main__ - INFO - Processing markdown document: data/developer-docs/apps/nextra/pages/zh/network/nodes/validator-node/modify-nodes/shutting-down-nodes.mdx
2025-05-27 17:48:29,502 - __main__ - INFO - Processing file 53/531: data/developer-docs/apps/nextra/pages/zh/network/nodes/validator-node/connect-nodes/staking-pool-voter.mdx
2025-05-27 17:48:29,502 - __main__ - INFO - Processing markdown document: data/developer-docs/apps/nextra/pages/zh/network/nodes/validator-node/connect-nodes/staking-pool-voter.mdx
2025-05-27 17:48:29,502 - __main__ - INFO - Processing file 54/531: data/developer-docs/apps/nextra/pages/zh/network/nodes/validator-node/connect-nodes/connect-to-aptos-network.mdx
2025-05-27 17:48:29,502 - __main__ - INFO - Processing markdown document: data/developer-docs/apps/nextra/pages/zh/network/nodes/validator-node/connect-nodes/connect-to-aptos-network.mdx
2025-05-27 17:48:29,503 - __main__ - INFO - Processing file 55/531: data/developer-docs/apps/nextra/pages/zh/network/nodes/validator-node/connect-nodes/staking-pool-operations.mdx
2025-05-27 17:48:29,503 - __main__ - INFO - Processing markdown document: data/developer-docs/apps/nextra/pages/zh/network/nodes/validator-node/connect-nodes/staking-pool-operations.mdx
2025-05-27 17:48:29,504 - __main__ - INFO - Processing file 56/531: data/developer-docs/apps/nextra/pages/zh/network/nodes/validator-node/connect-nodes/delegation-pool-operations.mdx
2025-05-27 17:48:29,504 - __main__ - INFO - Processing markdown document: data/developer-docs/apps/nextra/pages/zh/network/nodes/validator-node/connect-nodes/delegation-pool-operations.mdx
2025-05-27 17:48:29,504 - __main__ - INFO - Processing file 57/531: data/developer-docs/apps/nextra/pages/zh/build/get-started.mdx
2025-05-27 17:48:29,504 - __main__ - INFO - Processing markdown document: data/developer-docs/apps/nextra/pages/zh/build/get-started.mdx
2025-05-27 17:48:29,504 - __main__ - INFO - Processing file 58/531: data/developer-docs/apps/nextra/pages/zh/build/cli.mdx
2025-05-27 17:48:29,504 - __main__ - INFO - Processing markdown document: data/developer-docs/apps/nextra/pages/zh/build/cli.mdx
2025-05-27 17:48:29,504 - __main__ - INFO - Processing file 59/531: data/developer-docs/apps/nextra/pages/zh/build/apis.mdx
2025-05-27 17:48:29,505 - __main__ - INFO - Processing markdown document: data/developer-docs/apps/nextra/pages/zh/build/apis.mdx
2025-05-27 17:48:29,505 - __main__ - INFO - Processing file 60/531: data/developer-docs/apps/nextra/pages/zh/build/smart-contracts.mdx
2025-05-27 17:48:29,505 - __main__ - INFO - Processing markdown document: data/developer-docs/apps/nextra/pages/zh/build/smart-contracts.mdx
2025-05-27 17:48:29,505 - __main__ - INFO - Progress: 60/531 files (11.3%)
2025-05-27 17:48:29,505 - __main__ - INFO - Processing file 61/531: data/developer-docs/apps/nextra/pages/zh/build/sdks.mdx
2025-05-27 17:48:29,505 - __main__ - INFO - Processing markdown document: data/developer-docs/apps/nextra/pages/zh/build/sdks.mdx
2025-05-27 17:48:29,505 - __main__ - INFO - Processing file 62/531: data/developer-docs/apps/nextra/pages/zh/build/indexer.mdx
2025-05-27 17:48:29,505 - __main__ - INFO - Processing markdown document: data/developer-docs/apps/nextra/pages/zh/build/indexer.mdx
2025-05-27 17:48:29,505 - __main__ - INFO - Processing file 63/531: data/developer-docs/apps/nextra/pages/zh/build/guides.mdx
2025-05-27 17:48:29,506 - __main__ - INFO - Processing markdown document: data/developer-docs/apps/nextra/pages/zh/build/guides.mdx
2025-05-27 17:48:29,506 - __main__ - INFO - Processing file 64/531: data/developer-docs/apps/nextra/pages/zh/build/apis/faucet-api.mdx
2025-05-27 17:48:29,506 - __main__ - INFO - Processing markdown document: data/developer-docs/apps/nextra/pages/zh/build/apis/faucet-api.mdx
2025-05-27 17:48:29,506 - __main__ - INFO - Processing file 65/531: data/developer-docs/apps/nextra/pages/zh/build/apis/fullnode-rest-api-reference.mdx
2025-05-27 17:48:29,506 - __main__ - INFO - Processing markdown document: data/developer-docs/apps/nextra/pages/zh/build/apis/fullnode-rest-api-reference.mdx
2025-05-27 17:48:29,506 - __main__ - INFO - Processing file 66/531: data/developer-docs/apps/nextra/pages/zh/build/apis/data-providers.mdx
2025-05-27 17:48:29,506 - __main__ - INFO - Processing markdown document: data/developer-docs/apps/nextra/pages/zh/build/apis/data-providers.mdx
2025-05-27 17:48:29,506 - __main__ - INFO - Processing file 67/531: data/developer-docs/apps/nextra/pages/zh/build/apis/fullnode-rest-api.mdx
2025-05-27 17:48:29,507 - __main__ - INFO - Processing markdown document: data/developer-docs/apps/nextra/pages/zh/build/apis/fullnode-rest-api.mdx
2025-05-27 17:48:29,507 - __main__ - INFO - Processing file 68/531: data/developer-docs/apps/nextra/pages/zh/build/apis/aptos-labs-developer-portal.mdx
2025-05-27 17:48:29,507 - __main__ - INFO - Processing markdown document: data/developer-docs/apps/nextra/pages/zh/build/apis/aptos-labs-developer-portal.mdx
2025-05-27 17:48:29,507 - __main__ - INFO - Processing file 69/531: data/developer-docs/apps/nextra/pages/zh/build/sdks/ts-sdk/account.mdx
2025-05-27 17:48:29,507 - __main__ - INFO - Processing markdown document: data/developer-docs/apps/nextra/pages/zh/build/sdks/ts-sdk/account.mdx
2025-05-27 17:48:29,507 - __main__ - INFO - Processing file 70/531: data/developer-docs/apps/nextra/pages/zh/build/cli/public-network.mdx
2025-05-27 17:48:29,507 - __main__ - INFO - Processing markdown document: data/developer-docs/apps/nextra/pages/zh/build/cli/public-network.mdx
2025-05-27 17:48:29,507 - __main__ - INFO - Progress: 70/531 files (13.2%)
2025-05-27 17:48:29,507 - __main__ - INFO - Processing file 71/531: data/developer-docs/apps/nextra/pages/zh/build/cli/replay-past-transactions.mdx
2025-05-27 17:48:29,508 - __main__ - INFO - Processing markdown document: data/developer-docs/apps/nextra/pages/zh/build/cli/replay-past-transactions.mdx
2025-05-27 17:48:29,508 - __main__ - INFO - Processing file 72/531: data/developer-docs/apps/nextra/pages/zh/build/cli/formatting-move-contracts.mdx
2025-05-27 17:48:29,508 - __main__ - INFO - Processing markdown document: data/developer-docs/apps/nextra/pages/zh/build/cli/formatting-move-contracts.mdx
2025-05-27 17:48:29,508 - __main__ - INFO - Processing file 73/531: data/developer-docs/apps/nextra/pages/zh/build/cli/managing-a-network-node.mdx
2025-05-27 17:48:29,508 - __main__ - INFO - Processing markdown document: data/developer-docs/apps/nextra/pages/zh/build/cli/managing-a-network-node.mdx
2025-05-27 17:48:29,508 - __main__ - INFO - Processing file 74/531: data/developer-docs/apps/nextra/pages/zh/build/cli/trying-things-on-chain.mdx
2025-05-27 17:48:29,508 - __main__ - INFO - Processing markdown document: data/developer-docs/apps/nextra/pages/zh/build/cli/trying-things-on-chain.mdx
2025-05-27 17:48:29,508 - __main__ - INFO - Processing file 75/531: data/developer-docs/apps/nextra/pages/zh/build/cli/start-from-template.mdx
2025-05-27 17:48:29,508 - __main__ - INFO - Processing markdown document: data/developer-docs/apps/nextra/pages/zh/build/cli/start-from-template.mdx
2025-05-27 17:48:29,508 - __main__ - INFO - Processing file 76/531: data/developer-docs/apps/nextra/pages/zh/build/cli/running-a-local-network.mdx
2025-05-27 17:48:29,508 - __main__ - INFO - Processing markdown document: data/developer-docs/apps/nextra/pages/zh/build/cli/running-a-local-network.mdx
2025-05-27 17:48:29,509 - __main__ - INFO - Processing file 77/531: data/developer-docs/apps/nextra/pages/zh/build/cli/working-with-move-contracts.mdx
2025-05-27 17:48:29,509 - __main__ - INFO - Processing markdown document: data/developer-docs/apps/nextra/pages/zh/build/cli/working-with-move-contracts.mdx
2025-05-27 17:48:29,509 - __main__ - INFO - Processing file 78/531: data/developer-docs/apps/nextra/pages/zh/build/cli/setup-cli.mdx
2025-05-27 17:48:29,509 - __main__ - INFO - Processing markdown document: data/developer-docs/apps/nextra/pages/zh/build/cli/setup-cli.mdx
2025-05-27 17:48:29,509 - __main__ - INFO - Processing file 79/531: data/developer-docs/apps/nextra/pages/zh/build/cli/working-with-move-contracts/local-simulation-benchmarking-and-gas-profiling.mdx
2025-05-27 17:48:29,509 - __main__ - INFO - Processing markdown document: data/developer-docs/apps/nextra/pages/zh/build/cli/working-with-move-contracts/local-simulation-benchmarking-and-gas-profiling.mdx
2025-05-27 17:48:29,509 - __main__ - INFO - Processing file 80/531: data/developer-docs/apps/nextra/pages/zh/build/cli/working-with-move-contracts/arguments-in-json-tutorial.mdx
2025-05-27 17:48:29,510 - __main__ - INFO - Processing markdown document: data/developer-docs/apps/nextra/pages/zh/build/cli/working-with-move-contracts/arguments-in-json-tutorial.mdx
2025-05-27 17:48:29,510 - __main__ - INFO - Progress: 80/531 files (15.1%)
2025-05-27 17:48:29,510 - __main__ - INFO - Processing file 81/531: data/developer-docs/apps/nextra/pages/zh/build/cli/working-with-move-contracts/multi-signature-tutorial.mdx
2025-05-27 17:48:29,510 - __main__ - INFO - Processing markdown document: data/developer-docs/apps/nextra/pages/zh/build/cli/working-with-move-contracts/multi-signature-tutorial.mdx
2025-05-27 17:48:29,510 - __main__ - INFO - Processing file 82/531: data/developer-docs/apps/nextra/pages/zh/build/cli/setup-cli/install-move-prover.mdx
2025-05-27 17:48:29,510 - __main__ - INFO - Processing markdown document: data/developer-docs/apps/nextra/pages/zh/build/cli/setup-cli/install-move-prover.mdx
2025-05-27 17:48:29,510 - __main__ - INFO - Processing file 83/531: data/developer-docs/apps/nextra/pages/zh/build/cli/trying-things-on-chain/ledger.mdx
2025-05-27 17:48:29,511 - __main__ - INFO - Processing markdown document: data/developer-docs/apps/nextra/pages/zh/build/cli/trying-things-on-chain/ledger.mdx
2025-05-27 17:48:29,511 - __main__ - INFO - Processing file 84/531: data/developer-docs/apps/nextra/pages/zh/build/cli/trying-things-on-chain/looking-up-account-info.mdx
2025-05-27 17:48:29,511 - __main__ - INFO - Processing markdown document: data/developer-docs/apps/nextra/pages/zh/build/cli/trying-things-on-chain/looking-up-account-info.mdx
2025-05-27 17:48:29,511 - __main__ - INFO - Processing file 85/531: data/developer-docs/apps/nextra/pages/zh/build/cli/trying-things-on-chain/create-test-accounts.mdx
2025-05-27 17:48:29,511 - __main__ - INFO - Processing markdown document: data/developer-docs/apps/nextra/pages/zh/build/cli/trying-things-on-chain/create-test-accounts.mdx
2025-05-27 17:48:29,511 - __main__ - INFO - Processing file 86/531: data/developer-docs/apps/nextra/pages/zh/build/cli/install-cli/install-cli-mac.mdx
2025-05-27 17:48:29,511 - __main__ - INFO - Processing markdown document: data/developer-docs/apps/nextra/pages/zh/build/cli/install-cli/install-cli-mac.mdx
2025-05-27 17:48:29,511 - __main__ - INFO - Processing file 87/531: data/developer-docs/apps/nextra/pages/zh/build/cli/install-cli/install-cli-windows.mdx
2025-05-27 17:48:29,512 - __main__ - INFO - Processing markdown document: data/developer-docs/apps/nextra/pages/zh/build/cli/install-cli/install-cli-windows.mdx
2025-05-27 17:48:29,512 - __main__ - INFO - Processing file 88/531: data/developer-docs/apps/nextra/pages/zh/build/cli/install-cli/install-cli-specific-version.mdx
2025-05-27 17:48:29,512 - __main__ - INFO - Processing markdown document: data/developer-docs/apps/nextra/pages/zh/build/cli/install-cli/install-cli-specific-version.mdx
2025-05-27 17:48:29,512 - __main__ - INFO - Processing file 89/531: data/developer-docs/apps/nextra/pages/zh/build/cli/install-cli/install-cli-linux.mdx
2025-05-27 17:48:29,512 - __main__ - INFO - Processing markdown document: data/developer-docs/apps/nextra/pages/zh/build/cli/install-cli/install-cli-linux.mdx
2025-05-27 17:48:29,512 - __main__ - INFO - Processing file 90/531: data/developer-docs/apps/nextra/pages/zh/build/create-aptos-dapp/faq.mdx
2025-05-27 17:48:29,512 - __main__ - INFO - Processing markdown document: data/developer-docs/apps/nextra/pages/zh/build/create-aptos-dapp/faq.mdx
2025-05-27 17:48:29,513 - __main__ - INFO - Progress: 90/531 files (16.9%)
2025-05-27 17:48:29,513 - __main__ - INFO - Processing file 91/531: data/developer-docs/apps/nextra/pages/zh/build/guides/oracles.mdx
2025-05-27 17:48:29,513 - __main__ - INFO - Processing markdown document: data/developer-docs/apps/nextra/pages/zh/build/guides/oracles.mdx
2025-05-27 17:48:29,513 - __main__ - INFO - Processing file 92/531: data/developer-docs/apps/nextra/pages/zh/build/guides/multisig-managed-fungible-asset.mdx
2025-05-27 17:48:29,513 - __main__ - INFO - Processing markdown document: data/developer-docs/apps/nextra/pages/zh/build/guides/multisig-managed-fungible-asset.mdx
2025-05-27 17:48:29,513 - __main__ - INFO - Processing file 93/531: data/developer-docs/apps/nextra/pages/zh/build/guides/first-coin.mdx
2025-05-27 17:48:29,514 - __main__ - INFO - Processing markdown document: data/developer-docs/apps/nextra/pages/zh/build/guides/first-coin.mdx
2025-05-27 17:48:29,514 - __main__ - INFO - Processing file 94/531: data/developer-docs/apps/nextra/pages/zh/build/guides/key-rotation.mdx
2025-05-27 17:48:29,514 - __main__ - INFO - Processing markdown document: data/developer-docs/apps/nextra/pages/zh/build/guides/key-rotation.mdx
2025-05-27 17:48:29,514 - __main__ - INFO - Processing file 95/531: data/developer-docs/apps/nextra/pages/zh/build/guides/system-integrators-guide.mdx
2025-05-27 17:48:29,515 - __main__ - INFO - Processing markdown document: data/developer-docs/apps/nextra/pages/zh/build/guides/system-integrators-guide.mdx
2025-05-27 17:48:29,515 - __main__ - INFO - Processing file 96/531: data/developer-docs/apps/nextra/pages/zh/build/guides/exchanges.mdx
2025-05-27 17:48:29,515 - __main__ - INFO - Processing markdown document: data/developer-docs/apps/nextra/pages/zh/build/guides/exchanges.mdx
2025-05-27 17:48:29,516 - __main__ - INFO - Processing file 97/531: data/developer-docs/apps/nextra/pages/zh/build/guides/first-fungible-asset.mdx
2025-05-27 17:48:29,516 - __main__ - INFO - Processing markdown document: data/developer-docs/apps/nextra/pages/zh/build/guides/first-fungible-asset.mdx
2025-05-27 17:48:29,516 - __main__ - INFO - Processing file 98/531: data/developer-docs/apps/nextra/pages/zh/build/guides/build-e2e-dapp.mdx
2025-05-27 17:48:29,517 - __main__ - INFO - Processing markdown document: data/developer-docs/apps/nextra/pages/zh/build/guides/build-e2e-dapp.mdx
2025-05-27 17:48:29,517 - __main__ - INFO - Processing file 99/531: data/developer-docs/apps/nextra/pages/zh/build/guides/first-move-module.mdx
2025-05-27 17:48:29,517 - __main__ - INFO - Processing markdown document: data/developer-docs/apps/nextra/pages/zh/build/guides/first-move-module.mdx
2025-05-27 17:48:29,517 - __main__ - INFO - Processing file 100/531: data/developer-docs/apps/nextra/pages/zh/build/guides/first-transaction.mdx
2025-05-27 17:48:29,517 - __main__ - INFO - Processing markdown document: data/developer-docs/apps/nextra/pages/zh/build/guides/first-transaction.mdx
2025-05-27 17:48:29,517 - __main__ - INFO - Progress: 100/531 files (18.8%)
2025-05-27 17:48:29,517 - __main__ - INFO - Processing file 101/531: data/developer-docs/apps/nextra/pages/zh/build/guides/transaction-management.mdx
2025-05-27 17:48:29,518 - __main__ - INFO - Processing markdown document: data/developer-docs/apps/nextra/pages/zh/build/guides/transaction-management.mdx
2025-05-27 17:48:29,518 - __main__ - INFO - Processing file 102/531: data/developer-docs/apps/nextra/pages/zh/build/guides/first-multisig.mdx
2025-05-27 17:48:29,518 - __main__ - INFO - Processing markdown document: data/developer-docs/apps/nextra/pages/zh/build/guides/first-multisig.mdx
2025-05-27 17:48:29,518 - __main__ - INFO - Processing file 103/531: data/developer-docs/apps/nextra/pages/zh/build/guides/sponsored-transactions.mdx
2025-05-27 17:48:29,519 - __main__ - INFO - Processing markdown document: data/developer-docs/apps/nextra/pages/zh/build/guides/sponsored-transactions.mdx
2025-05-27 17:48:29,519 - __main__ - INFO - Processing file 104/531: data/developer-docs/apps/nextra/pages/zh/build/guides/your-first-nft.mdx
2025-05-27 17:48:29,519 - __main__ - INFO - Processing markdown document: data/developer-docs/apps/nextra/pages/zh/build/guides/your-first-nft.mdx
2025-05-27 17:48:29,519 - __main__ - INFO - Processing file 105/531: data/developer-docs/apps/nextra/pages/zh/build/guides/aptos-keyless.mdx
2025-05-27 17:48:29,519 - __main__ - INFO - Processing markdown document: data/developer-docs/apps/nextra/pages/zh/build/guides/aptos-keyless.mdx
2025-05-27 17:48:29,519 - __main__ - INFO - Processing file 106/531: data/developer-docs/apps/nextra/pages/zh/build/guides/aptos-keyless/integration-guide.mdx
2025-05-27 17:48:29,520 - __main__ - INFO - Processing markdown document: data/developer-docs/apps/nextra/pages/zh/build/guides/aptos-keyless/integration-guide.mdx
2025-05-27 17:48:29,520 - __main__ - INFO - Processing file 107/531: data/developer-docs/apps/nextra/pages/zh/build/guides/aptos-keyless/how-keyless-works.mdx
2025-05-27 17:48:29,520 - __main__ - INFO - Processing markdown document: data/developer-docs/apps/nextra/pages/zh/build/guides/aptos-keyless/how-keyless-works.mdx
2025-05-27 17:48:29,520 - __main__ - INFO - Processing file 108/531: data/developer-docs/apps/nextra/pages/zh/build/guides/aptos-keyless/simple-example.mdx
2025-05-27 17:48:29,520 - __main__ - INFO - Processing markdown document: data/developer-docs/apps/nextra/pages/zh/build/guides/aptos-keyless/simple-example.mdx
2025-05-27 17:48:29,520 - __main__ - INFO - Processing file 109/531: data/developer-docs/apps/nextra/pages/zh/build/guides/aptos-keyless/federated-keyless.mdx
2025-05-27 17:48:29,520 - __main__ - INFO - Processing markdown document: data/developer-docs/apps/nextra/pages/zh/build/guides/aptos-keyless/federated-keyless.mdx
2025-05-27 17:48:29,520 - __main__ - INFO - Processing file 110/531: data/developer-docs/apps/nextra/pages/zh/build/guides/aptos-keyless/introduction.mdx
2025-05-27 17:48:29,520 - __main__ - INFO - Processing markdown document: data/developer-docs/apps/nextra/pages/zh/build/guides/aptos-keyless/introduction.mdx
2025-05-27 17:48:29,521 - __main__ - INFO - Progress: 110/531 files (20.7%)
2025-05-27 17:48:29,521 - __main__ - INFO - Processing file 111/531: data/developer-docs/apps/nextra/pages/zh/build/guides/aptos-keyless/oidc-support.mdx
2025-05-27 17:48:29,521 - __main__ - INFO - Processing markdown document: data/developer-docs/apps/nextra/pages/zh/build/guides/aptos-keyless/oidc-support.mdx
2025-05-27 17:48:29,521 - __main__ - INFO - Processing file 112/531: data/developer-docs/apps/nextra/pages/zh/build/guides/aptos-keyless/other.mdx
2025-05-27 17:48:29,521 - __main__ - INFO - Processing markdown document: data/developer-docs/apps/nextra/pages/zh/build/guides/aptos-keyless/other.mdx
2025-05-27 17:48:29,521 - __main__ - INFO - Processing file 113/531: data/developer-docs/apps/nextra/pages/zh/build/guides/aptos-keyless/federated-keyless/integration-guide.mdx
2025-05-27 17:48:29,521 - __main__ - INFO - Processing markdown document: data/developer-docs/apps/nextra/pages/zh/build/guides/aptos-keyless/federated-keyless/integration-guide.mdx
2025-05-27 17:48:29,521 - __main__ - INFO - Processing file 114/531: data/developer-docs/apps/nextra/pages/zh/build/guides/aptos-keyless/federated-keyless/key-considerations.mdx
2025-05-27 17:48:29,521 - __main__ - INFO - Processing markdown document: data/developer-docs/apps/nextra/pages/zh/build/guides/aptos-keyless/federated-keyless/key-considerations.mdx
2025-05-27 17:48:29,521 - __main__ - INFO - Processing file 115/531: data/developer-docs/apps/nextra/pages/zh/build/guides/aptos-keyless/federated-keyless/other.mdx
2025-05-27 17:48:29,521 - __main__ - INFO - Processing markdown document: data/developer-docs/apps/nextra/pages/zh/build/guides/aptos-keyless/federated-keyless/other.mdx
2025-05-27 17:48:29,521 - __main__ - INFO - Processing file 116/531: data/developer-docs/apps/nextra/pages/zh/build/guides/build-e2e-dapp/3-add-wallet-support.mdx
2025-05-27 17:48:29,521 - __main__ - INFO - Processing markdown document: data/developer-docs/apps/nextra/pages/zh/build/guides/build-e2e-dapp/3-add-wallet-support.mdx
2025-05-27 17:48:29,521 - __main__ - INFO - Processing file 117/531: data/developer-docs/apps/nextra/pages/zh/build/guides/build-e2e-dapp/4-fetch-data-from-chain.mdx
2025-05-27 17:48:29,522 - __main__ - INFO - Processing markdown document: data/developer-docs/apps/nextra/pages/zh/build/guides/build-e2e-dapp/4-fetch-data-from-chain.mdx
2025-05-27 17:48:29,522 - __main__ - INFO - Processing file 118/531: data/developer-docs/apps/nextra/pages/zh/build/guides/build-e2e-dapp/5-submit-data-to-chain.mdx
2025-05-27 17:48:29,522 - __main__ - INFO - Processing markdown document: data/developer-docs/apps/nextra/pages/zh/build/guides/build-e2e-dapp/5-submit-data-to-chain.mdx
2025-05-27 17:48:29,522 - __main__ - INFO - Processing file 119/531: data/developer-docs/apps/nextra/pages/zh/build/guides/build-e2e-dapp/6-handle-tasks.mdx
2025-05-27 17:48:29,522 - __main__ - INFO - Processing markdown document: data/developer-docs/apps/nextra/pages/zh/build/guides/build-e2e-dapp/6-handle-tasks.mdx
2025-05-27 17:48:29,522 - __main__ - INFO - Processing file 120/531: data/developer-docs/apps/nextra/pages/zh/build/guides/build-e2e-dapp/2-set-up-react-app.mdx
2025-05-27 17:48:29,522 - __main__ - INFO - Processing markdown document: data/developer-docs/apps/nextra/pages/zh/build/guides/build-e2e-dapp/2-set-up-react-app.mdx
2025-05-27 17:48:29,523 - __main__ - INFO - Progress: 120/531 files (22.6%)
2025-05-27 17:48:29,523 - __main__ - INFO - Processing file 121/531: data/developer-docs/apps/nextra/pages/zh/build/guides/build-e2e-dapp/1-create-smart-contract.mdx
2025-05-27 17:48:29,523 - __main__ - INFO - Processing markdown document: data/developer-docs/apps/nextra/pages/zh/build/guides/build-e2e-dapp/1-create-smart-contract.mdx
2025-05-27 17:48:29,523 - __main__ - INFO - Processing file 122/531: data/developer-docs/apps/nextra/pages/zh/build/smart-contracts/modules-on-aptos.mdx
2025-05-27 17:48:29,523 - __main__ - INFO - Processing markdown document: data/developer-docs/apps/nextra/pages/zh/build/smart-contracts/modules-on-aptos.mdx
2025-05-27 17:48:29,523 - __main__ - INFO - Processing file 123/531: data/developer-docs/apps/nextra/pages/zh/build/smart-contracts/compiler_v2.mdx
2025-05-27 17:48:29,523 - __main__ - INFO - Processing markdown document: data/developer-docs/apps/nextra/pages/zh/build/smart-contracts/compiler_v2.mdx
2025-05-27 17:48:29,524 - __main__ - INFO - Processing file 124/531: data/developer-docs/apps/nextra/pages/zh/build/smart-contracts/reference.mdx
2025-05-27 17:48:29,524 - __main__ - INFO - Processing markdown document: data/developer-docs/apps/nextra/pages/zh/build/smart-contracts/reference.mdx
2025-05-27 17:48:29,524 - __main__ - INFO - Processing file 125/531: data/developer-docs/apps/nextra/pages/zh/build/smart-contracts/why-move.mdx
2025-05-27 17:48:29,524 - __main__ - INFO - Processing markdown document: data/developer-docs/apps/nextra/pages/zh/build/smart-contracts/why-move.mdx
2025-05-27 17:48:29,524 - __main__ - INFO - Processing file 126/531: data/developer-docs/apps/nextra/pages/zh/build/smart-contracts/vector.mdx
2025-05-27 17:48:29,525 - __main__ - INFO - Processing markdown document: data/developer-docs/apps/nextra/pages/zh/build/smart-contracts/vector.mdx
2025-05-27 17:48:29,525 - __main__ - INFO - Processing file 127/531: data/developer-docs/apps/nextra/pages/zh/build/smart-contracts/scripts.mdx
2025-05-27 17:48:29,525 - __main__ - INFO - Processing markdown document: data/developer-docs/apps/nextra/pages/zh/build/smart-contracts/scripts.mdx
2025-05-27 17:48:29,525 - __main__ - INFO - Processing file 128/531: data/developer-docs/apps/nextra/pages/zh/build/smart-contracts/tokens.mdx
2025-05-27 17:48:29,525 - __main__ - INFO - Processing markdown document: data/developer-docs/apps/nextra/pages/zh/build/smart-contracts/tokens.mdx
2025-05-27 17:48:29,526 - __main__ - INFO - Processing file 129/531: data/developer-docs/apps/nextra/pages/zh/build/smart-contracts/book.mdx
2025-05-27 17:48:29,526 - __main__ - INFO - Processing markdown document: data/developer-docs/apps/nextra/pages/zh/build/smart-contracts/book.mdx
2025-05-27 17:48:29,526 - __main__ - INFO - Processing file 130/531: data/developer-docs/apps/nextra/pages/zh/build/smart-contracts/smart-table.mdx
2025-05-27 17:48:29,526 - __main__ - INFO - Processing markdown document: data/developer-docs/apps/nextra/pages/zh/build/smart-contracts/smart-table.mdx
2025-05-27 17:48:29,526 - __main__ - INFO - Progress: 130/531 files (24.5%)
2025-05-27 17:48:29,526 - __main__ - INFO - Processing file 131/531: data/developer-docs/apps/nextra/pages/zh/build/smart-contracts/prover.mdx
2025-05-27 17:48:29,526 - __main__ - INFO - Processing markdown document: data/developer-docs/apps/nextra/pages/zh/build/smart-contracts/prover.mdx
2025-05-27 17:48:29,526 - __main__ - INFO - Processing file 132/531: data/developer-docs/apps/nextra/pages/zh/build/smart-contracts/randomness.mdx
2025-05-27 17:48:29,527 - __main__ - INFO - Processing markdown document: data/developer-docs/apps/nextra/pages/zh/build/smart-contracts/randomness.mdx
2025-05-27 17:48:29,527 - __main__ - INFO - Processing file 133/531: data/developer-docs/apps/nextra/pages/zh/build/smart-contracts/error-codes.mdx
2025-05-27 17:48:29,527 - __main__ - INFO - Processing markdown document: data/developer-docs/apps/nextra/pages/zh/build/smart-contracts/error-codes.mdx
2025-05-27 17:48:29,527 - __main__ - INFO - Processing file 134/531: data/developer-docs/apps/nextra/pages/zh/build/smart-contracts/cryptography.mdx
2025-05-27 17:48:29,528 - __main__ - INFO - Processing markdown document: data/developer-docs/apps/nextra/pages/zh/build/smart-contracts/cryptography.mdx
2025-05-27 17:48:29,528 - __main__ - INFO - Processing file 135/531: data/developer-docs/apps/nextra/pages/zh/build/smart-contracts/smart-vector.mdx
2025-05-27 17:48:29,528 - __main__ - INFO - Processing markdown document: data/developer-docs/apps/nextra/pages/zh/build/smart-contracts/smart-vector.mdx
2025-05-27 17:48:29,528 - __main__ - INFO - Processing file 136/531: data/developer-docs/apps/nextra/pages/zh/build/smart-contracts/aptos-coin.mdx
2025-05-27 17:48:29,528 - __main__ - INFO - Processing markdown document: data/developer-docs/apps/nextra/pages/zh/build/smart-contracts/aptos-coin.mdx
2025-05-27 17:48:29,529 - __main__ - INFO - Processing file 137/531: data/developer-docs/apps/nextra/pages/zh/build/smart-contracts/deployment.mdx
2025-05-27 17:48:29,529 - __main__ - INFO - Processing markdown document: data/developer-docs/apps/nextra/pages/zh/build/smart-contracts/deployment.mdx
2025-05-27 17:48:29,529 - __main__ - INFO - Processing file 138/531: data/developer-docs/apps/nextra/pages/zh/build/smart-contracts/aptos-token.mdx
2025-05-27 17:48:29,529 - __main__ - INFO - Processing markdown document: data/developer-docs/apps/nextra/pages/zh/build/smart-contracts/aptos-token.mdx
2025-05-27 17:48:29,529 - __main__ - INFO - Processing file 139/531: data/developer-docs/apps/nextra/pages/zh/build/smart-contracts/table.mdx
2025-05-27 17:48:29,530 - __main__ - INFO - Processing markdown document: data/developer-docs/apps/nextra/pages/zh/build/smart-contracts/table.mdx
2025-05-27 17:48:29,530 - __main__ - INFO - Processing file 140/531: data/developer-docs/apps/nextra/pages/zh/build/smart-contracts/digital-asset.mdx
2025-05-27 17:48:29,530 - __main__ - INFO - Processing markdown document: data/developer-docs/apps/nextra/pages/zh/build/smart-contracts/digital-asset.mdx
2025-05-27 17:48:29,530 - __main__ - INFO - Progress: 140/531 files (26.4%)
2025-05-27 17:48:29,530 - __main__ - INFO - Processing file 141/531: data/developer-docs/apps/nextra/pages/zh/build/smart-contracts/compiling.mdx
2025-05-27 17:48:29,530 - __main__ - INFO - Processing markdown document: data/developer-docs/apps/nextra/pages/zh/build/smart-contracts/compiling.mdx
2025-05-27 17:48:29,530 - __main__ - INFO - Processing file 142/531: data/developer-docs/apps/nextra/pages/zh/build/smart-contracts/aptos-standards.mdx
2025-05-27 17:48:29,531 - __main__ - INFO - Processing markdown document: data/developer-docs/apps/nextra/pages/zh/build/smart-contracts/aptos-standards.mdx
2025-05-27 17:48:29,531 - __main__ - INFO - Processing file 143/531: data/developer-docs/apps/nextra/pages/zh/build/smart-contracts/fungible-asset.mdx
2025-05-27 17:48:29,531 - __main__ - INFO - Processing markdown document: data/developer-docs/apps/nextra/pages/zh/build/smart-contracts/fungible-asset.mdx
2025-05-27 17:48:29,531 - __main__ - INFO - Processing file 144/531: data/developer-docs/apps/nextra/pages/zh/build/smart-contracts/move-reference.mdx
2025-05-27 17:48:29,531 - __main__ - INFO - Processing markdown document: data/developer-docs/apps/nextra/pages/zh/build/smart-contracts/move-reference.mdx
2025-05-27 17:48:29,531 - __main__ - INFO - Processing file 145/531: data/developer-docs/apps/nextra/pages/zh/build/smart-contracts/objects.mdx
2025-05-27 17:48:29,531 - __main__ - INFO - Processing markdown document: data/developer-docs/apps/nextra/pages/zh/build/smart-contracts/objects.mdx
2025-05-27 17:48:29,531 - __main__ - INFO - Processing file 146/531: data/developer-docs/apps/nextra/pages/zh/build/smart-contracts/create-package.mdx
2025-05-27 17:48:29,532 - __main__ - INFO - Processing markdown document: data/developer-docs/apps/nextra/pages/zh/build/smart-contracts/create-package.mdx
2025-05-27 17:48:29,532 - __main__ - INFO - Processing file 147/531: data/developer-docs/apps/nextra/pages/zh/build/smart-contracts/linter.mdx
2025-05-27 17:48:29,532 - __main__ - INFO - Processing markdown document: data/developer-docs/apps/nextra/pages/zh/build/smart-contracts/linter.mdx
2025-05-27 17:48:29,532 - __main__ - INFO - Processing file 148/531: data/developer-docs/apps/nextra/pages/zh/build/smart-contracts/third-party-dependencies.mdx
2025-05-27 17:48:29,532 - __main__ - INFO - Processing markdown document: data/developer-docs/apps/nextra/pages/zh/build/smart-contracts/third-party-dependencies.mdx
2025-05-27 17:48:29,533 - __main__ - INFO - Processing file 149/531: data/developer-docs/apps/nextra/pages/zh/build/smart-contracts/move-security-guidelines.mdx
2025-05-27 17:48:29,533 - __main__ - INFO - Processing markdown document: data/developer-docs/apps/nextra/pages/zh/build/smart-contracts/move-security-guidelines.mdx
2025-05-27 17:48:29,533 - __main__ - INFO - Processing file 150/531: data/developer-docs/apps/nextra/pages/zh/build/smart-contracts/resource-accounts.mdx
2025-05-27 17:48:29,533 - __main__ - INFO - Processing markdown document: data/developer-docs/apps/nextra/pages/zh/build/smart-contracts/resource-accounts.mdx
2025-05-27 17:48:29,533 - __main__ - INFO - Progress: 150/531 files (28.2%)
2025-05-27 17:48:29,533 - __main__ - INFO - Processing file 151/531: data/developer-docs/apps/nextra/pages/zh/build/smart-contracts/object/creating-objects.mdx
2025-05-27 17:48:29,534 - __main__ - INFO - Processing markdown document: data/developer-docs/apps/nextra/pages/zh/build/smart-contracts/object/creating-objects.mdx
2025-05-27 17:48:29,534 - __main__ - INFO - Processing file 152/531: data/developer-docs/apps/nextra/pages/zh/build/smart-contracts/object/using-objects.mdx
2025-05-27 17:48:29,534 - __main__ - INFO - Processing markdown document: data/developer-docs/apps/nextra/pages/zh/build/smart-contracts/object/using-objects.mdx
2025-05-27 17:48:29,534 - __main__ - INFO - Processing file 153/531: data/developer-docs/apps/nextra/pages/zh/build/smart-contracts/scripts/script-tutorial.mdx
2025-05-27 17:48:29,534 - __main__ - INFO - Processing markdown document: data/developer-docs/apps/nextra/pages/zh/build/smart-contracts/scripts/script-tutorial.mdx
2025-05-27 17:48:29,534 - __main__ - INFO - Processing file 154/531: data/developer-docs/apps/nextra/pages/zh/build/smart-contracts/scripts/compiling-scripts.mdx
2025-05-27 17:48:29,535 - __main__ - INFO - Processing markdown document: data/developer-docs/apps/nextra/pages/zh/build/smart-contracts/scripts/compiling-scripts.mdx
2025-05-27 17:48:29,535 - __main__ - INFO - Processing file 155/531: data/developer-docs/apps/nextra/pages/zh/build/smart-contracts/scripts/writing-scripts.mdx
2025-05-27 17:48:29,535 - __main__ - INFO - Processing markdown document: data/developer-docs/apps/nextra/pages/zh/build/smart-contracts/scripts/writing-scripts.mdx
2025-05-27 17:48:29,535 - __main__ - INFO - Processing file 156/531: data/developer-docs/apps/nextra/pages/zh/build/smart-contracts/scripts/running-scripts.mdx
2025-05-27 17:48:29,535 - __main__ - INFO - Processing markdown document: data/developer-docs/apps/nextra/pages/zh/build/smart-contracts/scripts/running-scripts.mdx
2025-05-27 17:48:29,535 - __main__ - INFO - Processing file 157/531: data/developer-docs/apps/nextra/pages/zh/build/smart-contracts/book/abort-and-assert.mdx
2025-05-27 17:48:29,535 - __main__ - INFO - Processing markdown document: data/developer-docs/apps/nextra/pages/zh/build/smart-contracts/book/abort-and-assert.mdx
2025-05-27 17:48:29,535 - __main__ - INFO - Processing file 158/531: data/developer-docs/apps/nextra/pages/zh/build/smart-contracts/book/variables.mdx
2025-05-27 17:48:29,535 - __main__ - INFO - Processing markdown document: data/developer-docs/apps/nextra/pages/zh/build/smart-contracts/book/variables.mdx
2025-05-27 17:48:29,536 - __main__ - INFO - Processing file 159/531: data/developer-docs/apps/nextra/pages/zh/build/smart-contracts/book/uses.mdx
2025-05-27 17:48:29,536 - __main__ - INFO - Processing markdown document: data/developer-docs/apps/nextra/pages/zh/build/smart-contracts/book/uses.mdx
2025-05-27 17:48:29,536 - __main__ - INFO - Processing file 160/531: data/developer-docs/apps/nextra/pages/zh/build/smart-contracts/book/structs-and-resources.mdx
2025-05-27 17:48:29,536 - __main__ - INFO - Processing markdown document: data/developer-docs/apps/nextra/pages/zh/build/smart-contracts/book/structs-and-resources.mdx
2025-05-27 17:48:29,537 - __main__ - INFO - Progress: 160/531 files (30.1%)
2025-05-27 17:48:29,537 - __main__ - INFO - Processing file 161/531: data/developer-docs/apps/nextra/pages/zh/build/smart-contracts/book/vector.mdx
2025-05-27 17:48:29,537 - __main__ - INFO - Processing markdown document: data/developer-docs/apps/nextra/pages/zh/build/smart-contracts/book/vector.mdx
2025-05-27 17:48:29,537 - __main__ - INFO - Processing file 162/531: data/developer-docs/apps/nextra/pages/zh/build/smart-contracts/book/modules-and-scripts.mdx
2025-05-27 17:48:29,537 - __main__ - INFO - Processing markdown document: data/developer-docs/apps/nextra/pages/zh/build/smart-contracts/book/modules-and-scripts.mdx
2025-05-27 17:48:29,537 - __main__ - INFO - Processing file 163/531: data/developer-docs/apps/nextra/pages/zh/build/smart-contracts/book/abilities.mdx
2025-05-27 17:48:29,538 - __main__ - INFO - Processing markdown document: data/developer-docs/apps/nextra/pages/zh/build/smart-contracts/book/abilities.mdx
2025-05-27 17:48:29,538 - __main__ - INFO - Processing file 164/531: data/developer-docs/apps/nextra/pages/zh/build/smart-contracts/book/enums.mdx
2025-05-27 17:48:29,538 - __main__ - INFO - Processing markdown document: data/developer-docs/apps/nextra/pages/zh/build/smart-contracts/book/enums.mdx
2025-05-27 17:48:29,538 - __main__ - INFO - Processing file 165/531: data/developer-docs/apps/nextra/pages/zh/build/smart-contracts/book/address.mdx
2025-05-27 17:48:29,539 - __main__ - INFO - Processing markdown document: data/developer-docs/apps/nextra/pages/zh/build/smart-contracts/book/address.mdx
2025-05-27 17:48:29,539 - __main__ - INFO - Processing file 166/531: data/developer-docs/apps/nextra/pages/zh/build/smart-contracts/book/equality.mdx
2025-05-27 17:48:29,539 - __main__ - INFO - Processing markdown document: data/developer-docs/apps/nextra/pages/zh/build/smart-contracts/book/equality.mdx
2025-05-27 17:48:29,539 - __main__ - INFO - Processing file 167/531: data/developer-docs/apps/nextra/pages/zh/build/smart-contracts/book/bool.mdx
2025-05-27 17:48:29,539 - __main__ - INFO - Processing markdown document: data/developer-docs/apps/nextra/pages/zh/build/smart-contracts/book/bool.mdx
2025-05-27 17:48:29,539 - __main__ - INFO - Processing file 168/531: data/developer-docs/apps/nextra/pages/zh/build/smart-contracts/book/package-upgrades.mdx
2025-05-27 17:48:29,539 - __main__ - INFO - Processing markdown document: data/developer-docs/apps/nextra/pages/zh/build/smart-contracts/book/package-upgrades.mdx
2025-05-27 17:48:29,539 - __main__ - INFO - Processing file 169/531: data/developer-docs/apps/nextra/pages/zh/build/smart-contracts/book/global-storage-structure.mdx
2025-05-27 17:48:29,539 - __main__ - INFO - Processing markdown document: data/developer-docs/apps/nextra/pages/zh/build/smart-contracts/book/global-storage-structure.mdx
2025-05-27 17:48:29,539 - __main__ - INFO - Processing file 170/531: data/developer-docs/apps/nextra/pages/zh/build/smart-contracts/book/generics.mdx
2025-05-27 17:48:29,539 - __main__ - INFO - Processing markdown document: data/developer-docs/apps/nextra/pages/zh/build/smart-contracts/book/generics.mdx
2025-05-27 17:48:29,540 - __main__ - INFO - Progress: 170/531 files (32.0%)
2025-05-27 17:48:29,540 - __main__ - INFO - Processing file 171/531: data/developer-docs/apps/nextra/pages/zh/build/smart-contracts/book/global-storage-operators.mdx
2025-05-27 17:48:29,540 - __main__ - INFO - Processing markdown document: data/developer-docs/apps/nextra/pages/zh/build/smart-contracts/book/global-storage-operators.mdx
2025-05-27 17:48:29,540 - __main__ - INFO - Processing file 172/531: data/developer-docs/apps/nextra/pages/zh/build/smart-contracts/book/signer.mdx
2025-05-27 17:48:29,540 - __main__ - INFO - Processing markdown document: data/developer-docs/apps/nextra/pages/zh/build/smart-contracts/book/signer.mdx
2025-05-27 17:48:29,540 - __main__ - INFO - Processing file 173/531: data/developer-docs/apps/nextra/pages/zh/build/smart-contracts/book/loops.mdx
2025-05-27 17:48:29,540 - __main__ - INFO - Processing markdown document: data/developer-docs/apps/nextra/pages/zh/build/smart-contracts/book/loops.mdx
2025-05-27 17:48:29,541 - __main__ - INFO - Processing file 174/531: data/developer-docs/apps/nextra/pages/zh/build/smart-contracts/book/coding-conventions.mdx
2025-05-27 17:48:29,541 - __main__ - INFO - Processing markdown document: data/developer-docs/apps/nextra/pages/zh/build/smart-contracts/book/coding-conventions.mdx
2025-05-27 17:48:29,541 - __main__ - INFO - Processing file 175/531: data/developer-docs/apps/nextra/pages/zh/build/smart-contracts/book/conditionals.mdx
2025-05-27 17:48:29,541 - __main__ - INFO - Processing markdown document: data/developer-docs/apps/nextra/pages/zh/build/smart-contracts/book/conditionals.mdx
2025-05-27 17:48:29,541 - __main__ - INFO - Processing file 176/531: data/developer-docs/apps/nextra/pages/zh/build/smart-contracts/book/functions.mdx
2025-05-27 17:48:29,541 - __main__ - INFO - Processing markdown document: data/developer-docs/apps/nextra/pages/zh/build/smart-contracts/book/functions.mdx
2025-05-27 17:48:29,542 - __main__ - INFO - Processing file 177/531: data/developer-docs/apps/nextra/pages/zh/build/smart-contracts/book/integers.mdx
2025-05-27 17:48:29,542 - __main__ - INFO - Processing markdown document: data/developer-docs/apps/nextra/pages/zh/build/smart-contracts/book/integers.mdx
2025-05-27 17:48:29,542 - __main__ - INFO - Processing file 178/531: data/developer-docs/apps/nextra/pages/zh/build/smart-contracts/book/standard-library.mdx
2025-05-27 17:48:29,542 - __main__ - INFO - Processing markdown document: data/developer-docs/apps/nextra/pages/zh/build/smart-contracts/book/standard-library.mdx
2025-05-27 17:48:29,542 - __main__ - INFO - Processing file 179/531: data/developer-docs/apps/nextra/pages/zh/build/smart-contracts/book/unit-testing.mdx
2025-05-27 17:48:29,542 - __main__ - INFO - Processing markdown document: data/developer-docs/apps/nextra/pages/zh/build/smart-contracts/book/unit-testing.mdx
2025-05-27 17:48:29,543 - __main__ - INFO - Processing file 180/531: data/developer-docs/apps/nextra/pages/zh/build/smart-contracts/book/tuples.mdx
2025-05-27 17:48:29,543 - __main__ - INFO - Processing markdown document: data/developer-docs/apps/nextra/pages/zh/build/smart-contracts/book/tuples.mdx
2025-05-27 17:48:29,543 - __main__ - INFO - Progress: 180/531 files (33.9%)
2025-05-27 17:48:29,543 - __main__ - INFO - Processing file 181/531: data/developer-docs/apps/nextra/pages/zh/build/smart-contracts/book/SUMMARY.mdx
2025-05-27 17:48:29,543 - __main__ - INFO - Processing markdown document: data/developer-docs/apps/nextra/pages/zh/build/smart-contracts/book/SUMMARY.mdx
2025-05-27 17:48:29,543 - __main__ - INFO - Processing file 182/531: data/developer-docs/apps/nextra/pages/zh/build/smart-contracts/book/move-2.mdx
2025-05-27 17:48:29,543 - __main__ - INFO - Processing markdown document: data/developer-docs/apps/nextra/pages/zh/build/smart-contracts/book/move-2.mdx
2025-05-27 17:48:29,543 - __main__ - INFO - Processing file 183/531: data/developer-docs/apps/nextra/pages/zh/build/smart-contracts/book/references.mdx
2025-05-27 17:48:29,543 - __main__ - INFO - Processing markdown document: data/developer-docs/apps/nextra/pages/zh/build/smart-contracts/book/references.mdx
2025-05-27 17:48:29,543 - __main__ - INFO - Processing file 184/531: data/developer-docs/apps/nextra/pages/zh/build/smart-contracts/book/move-tutorial.mdx
2025-05-27 17:48:29,543 - __main__ - INFO - Processing markdown document: data/developer-docs/apps/nextra/pages/zh/build/smart-contracts/book/move-tutorial.mdx
2025-05-27 17:48:29,543 - __main__ - INFO - Processing file 185/531: data/developer-docs/apps/nextra/pages/zh/build/smart-contracts/book/packages.mdx
2025-05-27 17:48:29,544 - __main__ - INFO - Processing markdown document: data/developer-docs/apps/nextra/pages/zh/build/smart-contracts/book/packages.mdx
2025-05-27 17:48:29,544 - __main__ - INFO - Processing file 186/531: data/developer-docs/apps/nextra/pages/zh/build/smart-contracts/book/constants.mdx
2025-05-27 17:48:29,544 - __main__ - INFO - Processing markdown document: data/developer-docs/apps/nextra/pages/zh/build/smart-contracts/book/constants.mdx
2025-05-27 17:48:29,544 - __main__ - INFO - Processing file 187/531: data/developer-docs/apps/nextra/pages/zh/build/smart-contracts/book/friends.mdx
2025-05-27 17:48:29,544 - __main__ - INFO - Processing markdown document: data/developer-docs/apps/nextra/pages/zh/build/smart-contracts/book/friends.mdx
2025-05-27 17:48:29,544 - __main__ - INFO - Processing file 188/531: data/developer-docs/apps/nextra/pages/zh/build/smart-contracts/prover/spec-lang.mdx
2025-05-27 17:48:29,545 - __main__ - INFO - Processing markdown document: data/developer-docs/apps/nextra/pages/zh/build/smart-contracts/prover/spec-lang.mdx
2025-05-27 17:48:29,545 - __main__ - INFO - Processing file 189/531: data/developer-docs/apps/nextra/pages/zh/build/smart-contracts/prover/prover-guide.mdx
2025-05-27 17:48:29,546 - __main__ - INFO - Processing markdown document: data/developer-docs/apps/nextra/pages/zh/build/smart-contracts/prover/prover-guide.mdx
2025-05-27 17:48:29,546 - __main__ - INFO - Processing file 190/531: data/developer-docs/apps/nextra/pages/zh/build/smart-contracts/prover/supporting-resources.mdx
2025-05-27 17:48:29,546 - __main__ - INFO - Processing markdown document: data/developer-docs/apps/nextra/pages/zh/build/smart-contracts/prover/supporting-resources.mdx
2025-05-27 17:48:29,546 - __main__ - INFO - Progress: 190/531 files (35.8%)
2025-05-27 17:48:29,546 - __main__ - INFO - Processing file 191/531: data/developer-docs/apps/nextra/pages/en/index.mdx
2025-05-27 17:48:29,546 - __main__ - INFO - Processing markdown document: data/developer-docs/apps/nextra/pages/en/index.mdx
2025-05-27 17:48:29,546 - __main__ - INFO - Processing file 192/531: data/developer-docs/apps/nextra/pages/en/network/nodes.mdx
2025-05-27 17:48:29,546 - __main__ - INFO - Processing markdown document: data/developer-docs/apps/nextra/pages/en/network/nodes.mdx
2025-05-27 17:48:29,546 - __main__ - INFO - Processing file 193/531: data/developer-docs/apps/nextra/pages/en/network/glossary.mdx
2025-05-27 17:48:29,547 - __main__ - INFO - Processing markdown document: data/developer-docs/apps/nextra/pages/en/network/glossary.mdx
2025-05-27 17:48:29,548 - __main__ - INFO - Processing file 194/531: data/developer-docs/apps/nextra/pages/en/network/blockchain.mdx
2025-05-27 17:48:29,548 - __main__ - INFO - Processing markdown document: data/developer-docs/apps/nextra/pages/en/network/blockchain.mdx
2025-05-27 17:48:29,548 - __main__ - INFO - Processing file 195/531: data/developer-docs/apps/nextra/pages/en/network/faucet.mdx
2025-05-27 17:48:29,548 - __main__ - INFO - Processing markdown document: data/developer-docs/apps/nextra/pages/en/network/faucet.mdx
2025-05-27 17:48:29,548 - __main__ - INFO - Processing file 196/531: data/developer-docs/apps/nextra/pages/en/network/releases.mdx
2025-05-27 17:48:29,548 - __main__ - INFO - Processing markdown document: data/developer-docs/apps/nextra/pages/en/network/releases.mdx
2025-05-27 17:48:29,549 - __main__ - INFO - Processing file 197/531: data/developer-docs/apps/nextra/pages/en/network/nodes/localnet.mdx
2025-05-27 17:48:29,549 - __main__ - INFO - Processing markdown document: data/developer-docs/apps/nextra/pages/en/network/nodes/localnet.mdx
2025-05-27 17:48:29,549 - __main__ - INFO - Processing file 198/531: data/developer-docs/apps/nextra/pages/en/network/nodes/building-from-source.mdx
2025-05-27 17:48:29,549 - __main__ - INFO - Processing markdown document: data/developer-docs/apps/nextra/pages/en/network/nodes/building-from-source.mdx
2025-05-27 17:48:29,549 - __main__ - INFO - Processing file 199/531: data/developer-docs/apps/nextra/pages/en/network/nodes/full-node.mdx
2025-05-27 17:48:29,549 - __main__ - INFO - Processing markdown document: data/developer-docs/apps/nextra/pages/en/network/nodes/full-node.mdx
2025-05-27 17:48:29,549 - __main__ - INFO - Processing file 200/531: data/developer-docs/apps/nextra/pages/en/network/nodes/validator-node.mdx
2025-05-27 17:48:29,549 - __main__ - INFO - Processing markdown document: data/developer-docs/apps/nextra/pages/en/network/nodes/validator-node.mdx
2025-05-27 17:48:29,549 - __main__ - INFO - Progress: 200/531 files (37.7%)
2025-05-27 17:48:29,549 - __main__ - INFO - Processing file 201/531: data/developer-docs/apps/nextra/pages/en/network/nodes/measure.mdx
2025-05-27 17:48:29,549 - __main__ - INFO - Processing markdown document: data/developer-docs/apps/nextra/pages/en/network/nodes/measure.mdx
2025-05-27 17:48:29,549 - __main__ - INFO - Processing file 202/531: data/developer-docs/apps/nextra/pages/en/network/nodes/networks.mdx
2025-05-27 17:48:29,549 - __main__ - INFO - Processing markdown document: data/developer-docs/apps/nextra/pages/en/network/nodes/networks.mdx
2025-05-27 17:48:29,550 - __main__ - INFO - Processing file 203/531: data/developer-docs/apps/nextra/pages/en/network/nodes/bootstrap-fullnode.mdx
2025-05-27 17:48:29,550 - __main__ - INFO - Processing markdown document: data/developer-docs/apps/nextra/pages/en/network/nodes/bootstrap-fullnode.mdx
2025-05-27 17:48:29,550 - __main__ - INFO - Processing file 204/531: data/developer-docs/apps/nextra/pages/en/network/nodes/configure.mdx
2025-05-27 17:48:29,550 - __main__ - INFO - Processing markdown document: data/developer-docs/apps/nextra/pages/en/network/nodes/configure.mdx
2025-05-27 17:48:29,550 - __main__ - INFO - Processing file 205/531: data/developer-docs/apps/nextra/pages/en/network/nodes/localnet/local-development-network.mdx
2025-05-27 17:48:29,550 - __main__ - INFO - Processing markdown document: data/developer-docs/apps/nextra/pages/en/network/nodes/localnet/local-development-network.mdx
2025-05-27 17:48:29,550 - __main__ - INFO - Processing file 206/531: data/developer-docs/apps/nextra/pages/en/network/nodes/localnet/run-a-localnet.mdx
2025-05-27 17:48:29,550 - __main__ - INFO - Processing markdown document: data/developer-docs/apps/nextra/pages/en/network/nodes/localnet/run-a-localnet.mdx
2025-05-27 17:48:29,550 - __main__ - INFO - Processing file 207/531: data/developer-docs/apps/nextra/pages/en/network/nodes/configure/node-files-all-networks.mdx
2025-05-27 17:48:29,551 - __main__ - INFO - Processing markdown document: data/developer-docs/apps/nextra/pages/en/network/nodes/configure/node-files-all-networks.mdx
2025-05-27 17:48:29,551 - __main__ - INFO - Processing file 208/531: data/developer-docs/apps/nextra/pages/en/network/nodes/configure/state-sync.mdx
2025-05-27 17:48:29,551 - __main__ - INFO - Processing markdown document: data/developer-docs/apps/nextra/pages/en/network/nodes/configure/state-sync.mdx
2025-05-27 17:48:29,551 - __main__ - INFO - Processing file 209/531: data/developer-docs/apps/nextra/pages/en/network/nodes/configure/telemetry.mdx
2025-05-27 17:48:29,551 - __main__ - INFO - Processing markdown document: data/developer-docs/apps/nextra/pages/en/network/nodes/configure/telemetry.mdx
2025-05-27 17:48:29,551 - __main__ - INFO - Processing file 210/531: data/developer-docs/apps/nextra/pages/en/network/nodes/configure/data-pruning.mdx
2025-05-27 17:48:29,551 - __main__ - INFO - Processing markdown document: data/developer-docs/apps/nextra/pages/en/network/nodes/configure/data-pruning.mdx
2025-05-27 17:48:29,551 - __main__ - INFO - Progress: 210/531 files (39.5%)
2025-05-27 17:48:29,551 - __main__ - INFO - Processing file 211/531: data/developer-docs/apps/nextra/pages/en/network/nodes/configure/consensus-observer.mdx
2025-05-27 17:48:29,551 - __main__ - INFO - Processing markdown document: data/developer-docs/apps/nextra/pages/en/network/nodes/configure/consensus-observer.mdx
2025-05-27 17:48:29,551 - __main__ - INFO - Processing file 212/531: data/developer-docs/apps/nextra/pages/en/network/nodes/configure/node-files-all-networks/node-files-testnet.mdx
2025-05-27 17:48:29,552 - __main__ - INFO - Processing markdown document: data/developer-docs/apps/nextra/pages/en/network/nodes/configure/node-files-all-networks/node-files-testnet.mdx
2025-05-27 17:48:29,552 - __main__ - INFO - Processing file 213/531: data/developer-docs/apps/nextra/pages/en/network/nodes/configure/node-files-all-networks/node-files-mainnet.mdx
2025-05-27 17:48:29,552 - __main__ - INFO - Processing markdown document: data/developer-docs/apps/nextra/pages/en/network/nodes/configure/node-files-all-networks/node-files-mainnet.mdx
2025-05-27 17:48:29,552 - __main__ - INFO - Processing file 214/531: data/developer-docs/apps/nextra/pages/en/network/nodes/configure/node-files-all-networks/node-files-devnet.mdx
2025-05-27 17:48:29,552 - __main__ - INFO - Processing markdown document: data/developer-docs/apps/nextra/pages/en/network/nodes/configure/node-files-all-networks/node-files-devnet.mdx
2025-05-27 17:48:29,553 - __main__ - INFO - Processing file 215/531: data/developer-docs/apps/nextra/pages/en/network/nodes/measure/important-metrics.mdx
2025-05-27 17:48:29,553 - __main__ - INFO - Processing markdown document: data/developer-docs/apps/nextra/pages/en/network/nodes/measure/important-metrics.mdx
2025-05-27 17:48:29,553 - __main__ - INFO - Processing file 216/531: data/developer-docs/apps/nextra/pages/en/network/nodes/measure/node-inspection-service.mdx
2025-05-27 17:48:29,553 - __main__ - INFO - Processing markdown document: data/developer-docs/apps/nextra/pages/en/network/nodes/measure/node-inspection-service.mdx
2025-05-27 17:48:29,553 - __main__ - INFO - Processing file 217/531: data/developer-docs/apps/nextra/pages/en/network/nodes/measure/node-health-checker.mdx
2025-05-27 17:48:29,553 - __main__ - INFO - Processing markdown document: data/developer-docs/apps/nextra/pages/en/network/nodes/measure/node-health-checker.mdx
2025-05-27 17:48:29,553 - __main__ - INFO - Processing file 218/531: data/developer-docs/apps/nextra/pages/en/network/nodes/measure/node-health-checker-faq.mdx
2025-05-27 17:48:29,553 - __main__ - INFO - Processing markdown document: data/developer-docs/apps/nextra/pages/en/network/nodes/measure/node-health-checker-faq.mdx
2025-05-27 17:48:29,553 - __main__ - INFO - Processing file 219/531: data/developer-docs/apps/nextra/pages/en/network/nodes/full-node/modify.mdx
2025-05-27 17:48:29,554 - __main__ - INFO - Processing markdown document: data/developer-docs/apps/nextra/pages/en/network/nodes/full-node/modify.mdx
2025-05-27 17:48:29,554 - __main__ - INFO - Processing file 220/531: data/developer-docs/apps/nextra/pages/en/network/nodes/full-node/verify-pfn.mdx
2025-05-27 17:48:29,554 - __main__ - INFO - Processing markdown document: data/developer-docs/apps/nextra/pages/en/network/nodes/full-node/verify-pfn.mdx
2025-05-27 17:48:29,554 - __main__ - INFO - Progress: 220/531 files (41.4%)
2025-05-27 17:48:29,554 - __main__ - INFO - Processing file 221/531: data/developer-docs/apps/nextra/pages/en/network/nodes/full-node/deployments.mdx
2025-05-27 17:48:29,554 - __main__ - INFO - Processing markdown document: data/developer-docs/apps/nextra/pages/en/network/nodes/full-node/deployments.mdx
2025-05-27 17:48:29,554 - __main__ - INFO - Processing file 222/531: data/developer-docs/apps/nextra/pages/en/network/nodes/full-node/pfn-requirements.mdx
2025-05-27 17:48:29,554 - __main__ - INFO - Processing markdown document: data/developer-docs/apps/nextra/pages/en/network/nodes/full-node/pfn-requirements.mdx
2025-05-27 17:48:29,554 - __main__ - INFO - Processing file 223/531: data/developer-docs/apps/nextra/pages/en/network/nodes/full-node/modify/update-fullnode-with-new-releases.mdx
2025-05-27 17:48:29,554 - __main__ - INFO - Processing markdown document: data/developer-docs/apps/nextra/pages/en/network/nodes/full-node/modify/update-fullnode-with-new-releases.mdx
2025-05-27 17:48:29,554 - __main__ - INFO - Processing file 224/531: data/developer-docs/apps/nextra/pages/en/network/nodes/full-node/modify/network-identity-fullnode.mdx
2025-05-27 17:48:29,554 - __main__ - INFO - Processing markdown document: data/developer-docs/apps/nextra/pages/en/network/nodes/full-node/modify/network-identity-fullnode.mdx
2025-05-27 17:48:29,555 - __main__ - INFO - Processing file 225/531: data/developer-docs/apps/nextra/pages/en/network/nodes/full-node/modify/fullnode-network-connections.mdx
2025-05-27 17:48:29,555 - __main__ - INFO - Processing markdown document: data/developer-docs/apps/nextra/pages/en/network/nodes/full-node/modify/fullnode-network-connections.mdx
2025-05-27 17:48:29,555 - __main__ - INFO - Processing file 226/531: data/developer-docs/apps/nextra/pages/en/network/nodes/full-node/deployments/using-docker.mdx
2025-05-27 17:48:29,555 - __main__ - INFO - Processing markdown document: data/developer-docs/apps/nextra/pages/en/network/nodes/full-node/deployments/using-docker.mdx
2025-05-27 17:48:29,555 - __main__ - INFO - Processing file 227/531: data/developer-docs/apps/nextra/pages/en/network/nodes/full-node/deployments/using-source-code.mdx
2025-05-27 17:48:29,555 - __main__ - INFO - Processing markdown document: data/developer-docs/apps/nextra/pages/en/network/nodes/full-node/deployments/using-source-code.mdx
2025-05-27 17:48:29,555 - __main__ - INFO - Processing file 228/531: data/developer-docs/apps/nextra/pages/en/network/nodes/full-node/deployments/using-gcp.mdx
2025-05-27 17:48:29,555 - __main__ - INFO - Processing markdown document: data/developer-docs/apps/nextra/pages/en/network/nodes/full-node/deployments/using-gcp.mdx
2025-05-27 17:48:29,555 - __main__ - INFO - Processing file 229/531: data/developer-docs/apps/nextra/pages/en/network/nodes/bootstrap-fullnode/aptos-db-restore.mdx
2025-05-27 17:48:29,556 - __main__ - INFO - Processing markdown document: data/developer-docs/apps/nextra/pages/en/network/nodes/bootstrap-fullnode/aptos-db-restore.mdx
2025-05-27 17:48:29,556 - __main__ - INFO - Processing file 230/531: data/developer-docs/apps/nextra/pages/en/network/nodes/bootstrap-fullnode/bootstrap-fullnode.mdx
2025-05-27 17:48:29,556 - __main__ - INFO - Processing markdown document: data/developer-docs/apps/nextra/pages/en/network/nodes/bootstrap-fullnode/bootstrap-fullnode.mdx
2025-05-27 17:48:29,556 - __main__ - INFO - Progress: 230/531 files (43.3%)
2025-05-27 17:48:29,556 - __main__ - INFO - Processing file 231/531: data/developer-docs/apps/nextra/pages/en/network/nodes/validator-node/node-requirements.mdx
2025-05-27 17:48:29,556 - __main__ - INFO - Processing markdown document: data/developer-docs/apps/nextra/pages/en/network/nodes/validator-node/node-requirements.mdx
2025-05-27 17:48:29,556 - __main__ - INFO - Processing file 232/531: data/developer-docs/apps/nextra/pages/en/network/nodes/validator-node/verify-nodes.mdx
2025-05-27 17:48:29,556 - __main__ - INFO - Processing markdown document: data/developer-docs/apps/nextra/pages/en/network/nodes/validator-node/verify-nodes.mdx
2025-05-27 17:48:29,556 - __main__ - INFO - Processing file 233/531: data/developer-docs/apps/nextra/pages/en/network/nodes/validator-node/connect-nodes.mdx
2025-05-27 17:48:29,556 - __main__ - INFO - Processing markdown document: data/developer-docs/apps/nextra/pages/en/network/nodes/validator-node/connect-nodes.mdx
2025-05-27 17:48:29,557 - __main__ - INFO - Processing file 234/531: data/developer-docs/apps/nextra/pages/en/network/nodes/validator-node/modify-nodes.mdx
2025-05-27 17:48:29,557 - __main__ - INFO - Processing markdown document: data/developer-docs/apps/nextra/pages/en/network/nodes/validator-node/modify-nodes.mdx
2025-05-27 17:48:29,557 - __main__ - INFO - Processing file 235/531: data/developer-docs/apps/nextra/pages/en/network/nodes/validator-node/deploy-nodes.mdx
2025-05-27 17:48:29,557 - __main__ - INFO - Processing markdown document: data/developer-docs/apps/nextra/pages/en/network/nodes/validator-node/deploy-nodes.mdx
2025-05-27 17:48:29,557 - __main__ - INFO - Processing file 236/531: data/developer-docs/apps/nextra/pages/en/network/nodes/validator-node/operator.mdx
2025-05-27 17:48:29,557 - __main__ - INFO - Processing markdown document: data/developer-docs/apps/nextra/pages/en/network/nodes/validator-node/operator.mdx
2025-05-27 17:48:29,557 - __main__ - INFO - Processing file 237/531: data/developer-docs/apps/nextra/pages/en/network/nodes/validator-node/verify-nodes/node-liveness-criteria.mdx
2025-05-27 17:48:29,557 - __main__ - INFO - Processing markdown document: data/developer-docs/apps/nextra/pages/en/network/nodes/validator-node/verify-nodes/node-liveness-criteria.mdx
2025-05-27 17:48:29,557 - __main__ - INFO - Processing file 238/531: data/developer-docs/apps/nextra/pages/en/network/nodes/validator-node/verify-nodes/leaderboard-metrics.mdx
2025-05-27 17:48:29,558 - __main__ - INFO - Processing markdown document: data/developer-docs/apps/nextra/pages/en/network/nodes/validator-node/verify-nodes/leaderboard-metrics.mdx
2025-05-27 17:48:29,558 - __main__ - INFO - Processing file 239/531: data/developer-docs/apps/nextra/pages/en/network/nodes/validator-node/deploy-nodes/using-docker.mdx
2025-05-27 17:48:29,558 - __main__ - INFO - Processing markdown document: data/developer-docs/apps/nextra/pages/en/network/nodes/validator-node/deploy-nodes/using-docker.mdx
2025-05-27 17:48:29,558 - __main__ - INFO - Processing file 240/531: data/developer-docs/apps/nextra/pages/en/network/nodes/validator-node/deploy-nodes/using-azure.mdx
2025-05-27 17:48:29,558 - __main__ - INFO - Processing markdown document: data/developer-docs/apps/nextra/pages/en/network/nodes/validator-node/deploy-nodes/using-azure.mdx
2025-05-27 17:48:29,558 - __main__ - INFO - Progress: 240/531 files (45.2%)
2025-05-27 17:48:29,558 - __main__ - INFO - Processing file 241/531: data/developer-docs/apps/nextra/pages/en/network/nodes/validator-node/deploy-nodes/using-source-code.mdx
2025-05-27 17:48:29,559 - __main__ - INFO - Processing markdown document: data/developer-docs/apps/nextra/pages/en/network/nodes/validator-node/deploy-nodes/using-source-code.mdx
2025-05-27 17:48:29,559 - __main__ - INFO - Processing file 242/531: data/developer-docs/apps/nextra/pages/en/network/nodes/validator-node/deploy-nodes/using-aws.mdx
2025-05-27 17:48:29,559 - __main__ - INFO - Processing markdown document: data/developer-docs/apps/nextra/pages/en/network/nodes/validator-node/deploy-nodes/using-aws.mdx
2025-05-27 17:48:29,559 - __main__ - INFO - Processing file 243/531: data/developer-docs/apps/nextra/pages/en/network/nodes/validator-node/deploy-nodes/using-gcp.mdx
2025-05-27 17:48:29,559 - __main__ - INFO - Processing markdown document: data/developer-docs/apps/nextra/pages/en/network/nodes/validator-node/deploy-nodes/using-gcp.mdx
2025-05-27 17:48:29,559 - __main__ - INFO - Processing file 244/531: data/developer-docs/apps/nextra/pages/en/network/nodes/validator-node/modify-nodes/update-validator-node.mdx
2025-05-27 17:48:29,559 - __main__ - INFO - Processing markdown document: data/developer-docs/apps/nextra/pages/en/network/nodes/validator-node/modify-nodes/update-validator-node.mdx
2025-05-27 17:48:29,559 - __main__ - INFO - Processing file 245/531: data/developer-docs/apps/nextra/pages/en/network/nodes/validator-node/modify-nodes/rotate-consensus-key.mdx
2025-05-27 17:48:29,559 - __main__ - INFO - Processing markdown document: data/developer-docs/apps/nextra/pages/en/network/nodes/validator-node/modify-nodes/rotate-consensus-key.mdx
2025-05-27 17:48:29,560 - __main__ - INFO - Processing file 246/531: data/developer-docs/apps/nextra/pages/en/network/nodes/validator-node/modify-nodes/shutting-down-nodes.mdx
2025-05-27 17:48:29,560 - __main__ - INFO - Processing markdown document: data/developer-docs/apps/nextra/pages/en/network/nodes/validator-node/modify-nodes/shutting-down-nodes.mdx
2025-05-27 17:48:29,560 - __main__ - INFO - Processing file 247/531: data/developer-docs/apps/nextra/pages/en/network/nodes/validator-node/connect-nodes/staking-pool-voter.mdx
2025-05-27 17:48:29,560 - __main__ - INFO - Processing markdown document: data/developer-docs/apps/nextra/pages/en/network/nodes/validator-node/connect-nodes/staking-pool-voter.mdx
2025-05-27 17:48:29,560 - __main__ - INFO - Processing file 248/531: data/developer-docs/apps/nextra/pages/en/network/nodes/validator-node/connect-nodes/connect-to-aptos-network.mdx
2025-05-27 17:48:29,560 - __main__ - INFO - Processing markdown document: data/developer-docs/apps/nextra/pages/en/network/nodes/validator-node/connect-nodes/connect-to-aptos-network.mdx
2025-05-27 17:48:29,560 - __main__ - INFO - Processing file 249/531: data/developer-docs/apps/nextra/pages/en/network/nodes/validator-node/connect-nodes/staking-pool-operations.mdx
2025-05-27 17:48:29,561 - __main__ - INFO - Processing markdown document: data/developer-docs/apps/nextra/pages/en/network/nodes/validator-node/connect-nodes/staking-pool-operations.mdx
2025-05-27 17:48:29,561 - __main__ - INFO - Processing file 250/531: data/developer-docs/apps/nextra/pages/en/network/nodes/validator-node/connect-nodes/delegation-pool-operations.mdx
2025-05-27 17:48:29,561 - __main__ - INFO - Processing markdown document: data/developer-docs/apps/nextra/pages/en/network/nodes/validator-node/connect-nodes/delegation-pool-operations.mdx
2025-05-27 17:48:29,561 - __main__ - INFO - Progress: 250/531 files (47.1%)
2025-05-27 17:48:29,561 - __main__ - INFO - Processing file 251/531: data/developer-docs/apps/nextra/pages/en/network/blockchain/events.mdx
2025-05-27 17:48:29,562 - __main__ - INFO - Processing markdown document: data/developer-docs/apps/nextra/pages/en/network/blockchain/events.mdx
2025-05-27 17:48:29,562 - __main__ - INFO - Processing file 252/531: data/developer-docs/apps/nextra/pages/en/network/blockchain/txns-states.mdx
2025-05-27 17:48:29,562 - __main__ - INFO - Processing markdown document: data/developer-docs/apps/nextra/pages/en/network/blockchain/txns-states.mdx
2025-05-27 17:48:29,562 - __main__ - INFO - Processing file 253/531: data/developer-docs/apps/nextra/pages/en/network/blockchain/fullnodes.mdx
2025-05-27 17:48:29,562 - __main__ - INFO - Processing markdown document: data/developer-docs/apps/nextra/pages/en/network/blockchain/fullnodes.mdx
2025-05-27 17:48:29,562 - __main__ - INFO - Processing file 254/531: data/developer-docs/apps/nextra/pages/en/network/blockchain/node-networks-sync.mdx
2025-05-27 17:48:29,562 - __main__ - INFO - Processing markdown document: data/developer-docs/apps/nextra/pages/en/network/blockchain/node-networks-sync.mdx
2025-05-27 17:48:29,562 - __main__ - INFO - Processing file 255/531: data/developer-docs/apps/nextra/pages/en/network/blockchain/execution.mdx
2025-05-27 17:48:29,563 - __main__ - INFO - Processing markdown document: data/developer-docs/apps/nextra/pages/en/network/blockchain/execution.mdx
2025-05-27 17:48:29,563 - __main__ - INFO - Processing file 256/531: data/developer-docs/apps/nextra/pages/en/network/blockchain/governance.mdx
2025-05-27 17:48:29,563 - __main__ - INFO - Processing markdown document: data/developer-docs/apps/nextra/pages/en/network/blockchain/governance.mdx
2025-05-27 17:48:29,563 - __main__ - INFO - Processing file 257/531: data/developer-docs/apps/nextra/pages/en/network/blockchain/move.mdx
2025-05-27 17:48:29,563 - __main__ - INFO - Processing markdown document: data/developer-docs/apps/nextra/pages/en/network/blockchain/move.mdx
2025-05-27 17:48:29,563 - __main__ - INFO - Processing file 258/531: data/developer-docs/apps/nextra/pages/en/network/blockchain/validator-nodes.mdx
2025-05-27 17:48:29,563 - __main__ - INFO - Processing markdown document: data/developer-docs/apps/nextra/pages/en/network/blockchain/validator-nodes.mdx
2025-05-27 17:48:29,564 - __main__ - INFO - Processing file 259/531: data/developer-docs/apps/nextra/pages/en/network/blockchain/blockchain-deep-dive.mdx
2025-05-27 17:48:29,564 - __main__ - INFO - Processing markdown document: data/developer-docs/apps/nextra/pages/en/network/blockchain/blockchain-deep-dive.mdx
2025-05-27 17:48:29,565 - __main__ - INFO - Processing file 260/531: data/developer-docs/apps/nextra/pages/en/network/blockchain/blocks.mdx
2025-05-27 17:48:29,565 - __main__ - INFO - Processing markdown document: data/developer-docs/apps/nextra/pages/en/network/blockchain/blocks.mdx
2025-05-27 17:48:29,565 - __main__ - INFO - Progress: 260/531 files (49.0%)
2025-05-27 17:48:29,565 - __main__ - INFO - Processing file 261/531: data/developer-docs/apps/nextra/pages/en/network/blockchain/gas-txn-fee.mdx
2025-05-27 17:48:29,565 - __main__ - INFO - Processing markdown document: data/developer-docs/apps/nextra/pages/en/network/blockchain/gas-txn-fee.mdx
2025-05-27 17:48:29,565 - __main__ - INFO - Processing file 262/531: data/developer-docs/apps/nextra/pages/en/network/blockchain/staking.mdx
2025-05-27 17:48:29,565 - __main__ - INFO - Processing markdown document: data/developer-docs/apps/nextra/pages/en/network/blockchain/staking.mdx
2025-05-27 17:48:29,566 - __main__ - INFO - Processing file 263/531: data/developer-docs/apps/nextra/pages/en/network/blockchain/aptos-white-paper.mdx
2025-05-27 17:48:29,566 - __main__ - INFO - Processing markdown document: data/developer-docs/apps/nextra/pages/en/network/blockchain/aptos-white-paper.mdx
2025-05-27 17:48:29,566 - __main__ - INFO - Processing file 264/531: data/developer-docs/apps/nextra/pages/en/network/blockchain/resources.mdx
2025-05-27 17:48:29,566 - __main__ - INFO - Processing markdown document: data/developer-docs/apps/nextra/pages/en/network/blockchain/resources.mdx
2025-05-27 17:48:29,566 - __main__ - INFO - Processing file 265/531: data/developer-docs/apps/nextra/pages/en/network/blockchain/delegated-staking.mdx
2025-05-27 17:48:29,566 - __main__ - INFO - Processing markdown document: data/developer-docs/apps/nextra/pages/en/network/blockchain/delegated-staking.mdx
2025-05-27 17:48:29,566 - __main__ - INFO - Processing file 266/531: data/developer-docs/apps/nextra/pages/en/network/blockchain/accounts.mdx
2025-05-27 17:48:29,567 - __main__ - INFO - Processing markdown document: data/developer-docs/apps/nextra/pages/en/network/blockchain/accounts.mdx
2025-05-27 17:48:29,567 - __main__ - INFO - Processing file 267/531: data/developer-docs/apps/nextra/pages/en/network/blockchain/base-gas.mdx
2025-05-27 17:48:29,567 - __main__ - INFO - Processing markdown document: data/developer-docs/apps/nextra/pages/en/network/blockchain/base-gas.mdx
2025-05-27 17:48:29,568 - __main__ - INFO - Processing file 268/531: data/developer-docs/apps/nextra/pages/en/developer-platforms/contribute.mdx
2025-05-27 17:48:29,568 - __main__ - INFO - Processing markdown document: data/developer-docs/apps/nextra/pages/en/developer-platforms/contribute.mdx
2025-05-27 17:48:29,568 - __main__ - INFO - Processing file 269/531: data/developer-docs/apps/nextra/pages/en/developer-platforms/contribute/setup/SEO.mdx
2025-05-27 17:48:29,568 - __main__ - INFO - Processing markdown document: data/developer-docs/apps/nextra/pages/en/developer-platforms/contribute/setup/SEO.mdx
2025-05-27 17:48:29,568 - __main__ - INFO - Processing file 270/531: data/developer-docs/apps/nextra/pages/en/developer-platforms/contribute/setup/mdx.mdx
2025-05-27 17:48:29,568 - __main__ - INFO - Processing markdown document: data/developer-docs/apps/nextra/pages/en/developer-platforms/contribute/setup/mdx.mdx
2025-05-27 17:48:29,568 - __main__ - INFO - Progress: 270/531 files (50.8%)
2025-05-27 17:48:29,568 - __main__ - INFO - Processing file 271/531: data/developer-docs/apps/nextra/pages/en/developer-platforms/contribute/setup/maintenance.mdx
2025-05-27 17:48:29,568 - __main__ - INFO - Processing markdown document: data/developer-docs/apps/nextra/pages/en/developer-platforms/contribute/setup/maintenance.mdx
2025-05-27 17:48:29,568 - __main__ - INFO - Processing file 272/531: data/developer-docs/apps/nextra/pages/en/developer-platforms/contribute/setup/docs-config.mdx
2025-05-27 17:48:29,568 - __main__ - INFO - Processing markdown document: data/developer-docs/apps/nextra/pages/en/developer-platforms/contribute/setup/docs-config.mdx
2025-05-27 17:48:29,568 - __main__ - INFO - Processing file 273/531: data/developer-docs/apps/nextra/pages/en/developer-platforms/contribute/setup/organize-files-advanced.mdx
2025-05-27 17:48:29,569 - __main__ - INFO - Processing markdown document: data/developer-docs/apps/nextra/pages/en/developer-platforms/contribute/setup/organize-files-advanced.mdx
2025-05-27 17:48:29,569 - __main__ - INFO - Processing file 274/531: data/developer-docs/apps/nextra/pages/en/developer-platforms/contribute/setup/deployment.mdx
2025-05-27 17:48:29,569 - __main__ - INFO - Processing markdown document: data/developer-docs/apps/nextra/pages/en/developer-platforms/contribute/setup/deployment.mdx
2025-05-27 17:48:29,569 - __main__ - INFO - Processing file 275/531: data/developer-docs/apps/nextra/pages/en/developer-platforms/contribute/setup/analytics.mdx
2025-05-27 17:48:29,569 - __main__ - INFO - Processing markdown document: data/developer-docs/apps/nextra/pages/en/developer-platforms/contribute/setup/analytics.mdx
2025-05-27 17:48:29,569 - __main__ - INFO - Processing file 276/531: data/developer-docs/apps/nextra/pages/en/developer-platforms/contribute/setup/i18n.mdx
2025-05-27 17:48:29,569 - __main__ - INFO - Processing markdown document: data/developer-docs/apps/nextra/pages/en/developer-platforms/contribute/setup/i18n.mdx
2025-05-27 17:48:29,569 - __main__ - INFO - Processing file 277/531: data/developer-docs/apps/nextra/pages/en/developer-platforms/contribute/setup/organize-files.mdx
2025-05-27 17:48:29,569 - __main__ - INFO - Processing markdown document: data/developer-docs/apps/nextra/pages/en/developer-platforms/contribute/setup/organize-files.mdx
2025-05-27 17:48:29,570 - __main__ - INFO - Processing file 278/531: data/developer-docs/apps/nextra/pages/en/developer-platforms/contribute/setup/troubleshooting.mdx
2025-05-27 17:48:29,570 - __main__ - INFO - Processing markdown document: data/developer-docs/apps/nextra/pages/en/developer-platforms/contribute/setup/troubleshooting.mdx
2025-05-27 17:48:29,570 - __main__ - INFO - Processing file 279/531: data/developer-docs/apps/nextra/pages/en/developer-platforms/contribute/setup/migrating-from-docusaurus.mdx
2025-05-27 17:48:29,570 - __main__ - INFO - Processing markdown document: data/developer-docs/apps/nextra/pages/en/developer-platforms/contribute/setup/migrating-from-docusaurus.mdx
2025-05-27 17:48:29,570 - __main__ - INFO - Processing file 280/531: data/developer-docs/apps/nextra/pages/en/developer-platforms/contribute/components/remote-codeblock.mdx
2025-05-27 17:48:29,570 - __main__ - INFO - Processing markdown document: data/developer-docs/apps/nextra/pages/en/developer-platforms/contribute/components/remote-codeblock.mdx
2025-05-27 17:48:29,570 - __main__ - INFO - Progress: 280/531 files (52.7%)
2025-05-27 17:48:29,570 - __main__ - INFO - Processing file 281/531: data/developer-docs/apps/nextra/pages/en/developer-platforms/contribute/components/filetree.mdx
2025-05-27 17:48:29,570 - __main__ - INFO - Processing markdown document: data/developer-docs/apps/nextra/pages/en/developer-platforms/contribute/components/filetree.mdx
2025-05-27 17:48:29,570 - __main__ - INFO - Processing file 282/531: data/developer-docs/apps/nextra/pages/en/developer-platforms/contribute/components/mermaid.mdx
2025-05-27 17:48:29,570 - __main__ - INFO - Processing markdown document: data/developer-docs/apps/nextra/pages/en/developer-platforms/contribute/components/mermaid.mdx
2025-05-27 17:48:29,571 - __main__ - INFO - Processing file 283/531: data/developer-docs/apps/nextra/pages/en/developer-platforms/contribute/components/ssg.mdx
2025-05-27 17:48:29,571 - __main__ - INFO - Processing markdown document: data/developer-docs/apps/nextra/pages/en/developer-platforms/contribute/components/ssg.mdx
2025-05-27 17:48:29,571 - __main__ - INFO - Processing file 284/531: data/developer-docs/apps/nextra/pages/en/developer-platforms/contribute/components/link.mdx
2025-05-27 17:48:29,571 - __main__ - INFO - Processing markdown document: data/developer-docs/apps/nextra/pages/en/developer-platforms/contribute/components/link.mdx
2025-05-27 17:48:29,571 - __main__ - INFO - Processing file 285/531: data/developer-docs/apps/nextra/pages/en/developer-platforms/contribute/components/steps.mdx
2025-05-27 17:48:29,571 - __main__ - INFO - Processing markdown document: data/developer-docs/apps/nextra/pages/en/developer-platforms/contribute/components/steps.mdx
2025-05-27 17:48:29,571 - __main__ - INFO - Processing file 286/531: data/developer-docs/apps/nextra/pages/en/developer-platforms/contribute/components/themed-image.mdx
2025-05-27 17:48:29,571 - __main__ - INFO - Processing markdown document: data/developer-docs/apps/nextra/pages/en/developer-platforms/contribute/components/themed-image.mdx
2025-05-27 17:48:29,571 - __main__ - INFO - Processing file 287/531: data/developer-docs/apps/nextra/pages/en/developer-platforms/contribute/components/markdown.mdx
2025-05-27 17:48:29,571 - __main__ - INFO - Processing markdown document: data/developer-docs/apps/nextra/pages/en/developer-platforms/contribute/components/markdown.mdx
2025-05-27 17:48:29,571 - __main__ - INFO - Processing file 288/531: data/developer-docs/apps/nextra/pages/en/developer-platforms/contribute/components/graphql-editor.mdx
2025-05-27 17:48:29,571 - __main__ - INFO - Processing markdown document: data/developer-docs/apps/nextra/pages/en/developer-platforms/contribute/components/graphql-editor.mdx
2025-05-27 17:48:29,572 - __main__ - INFO - Processing file 289/531: data/developer-docs/apps/nextra/pages/en/developer-platforms/contribute/components/tabs.mdx
2025-05-27 17:48:29,572 - __main__ - INFO - Processing markdown document: data/developer-docs/apps/nextra/pages/en/developer-platforms/contribute/components/tabs.mdx
2025-05-27 17:48:29,572 - __main__ - INFO - Processing file 290/531: data/developer-docs/apps/nextra/pages/en/developer-platforms/contribute/components/card.mdx
2025-05-27 17:48:29,572 - __main__ - INFO - Processing markdown document: data/developer-docs/apps/nextra/pages/en/developer-platforms/contribute/components/card.mdx
2025-05-27 17:48:29,572 - __main__ - INFO - Progress: 290/531 files (54.6%)
2025-05-27 17:48:29,572 - __main__ - INFO - Processing file 291/531: data/developer-docs/apps/nextra/pages/en/developer-platforms/contribute/components/latex.mdx
2025-05-27 17:48:29,572 - __main__ - INFO - Processing markdown document: data/developer-docs/apps/nextra/pages/en/developer-platforms/contribute/components/latex.mdx
2025-05-27 17:48:29,572 - __main__ - INFO - Processing file 292/531: data/developer-docs/apps/nextra/pages/en/developer-platforms/contribute/components/image.mdx
2025-05-27 17:48:29,572 - __main__ - INFO - Processing markdown document: data/developer-docs/apps/nextra/pages/en/developer-platforms/contribute/components/image.mdx
2025-05-27 17:48:29,572 - __main__ - INFO - Processing file 293/531: data/developer-docs/apps/nextra/pages/en/developer-platforms/contribute/components/table.mdx
2025-05-27 17:48:29,572 - __main__ - INFO - Processing markdown document: data/developer-docs/apps/nextra/pages/en/developer-platforms/contribute/components/table.mdx
2025-05-27 17:48:29,573 - __main__ - INFO - Processing file 294/531: data/developer-docs/apps/nextra/pages/en/developer-platforms/contribute/components/codeblock.mdx
2025-05-27 17:48:29,573 - __main__ - INFO - Processing markdown document: data/developer-docs/apps/nextra/pages/en/developer-platforms/contribute/components/codeblock.mdx
2025-05-27 17:48:29,573 - __main__ - INFO - Processing file 295/531: data/developer-docs/apps/nextra/pages/en/developer-platforms/contribute/components/npm2yarn.mdx
2025-05-27 17:48:29,573 - __main__ - INFO - Processing markdown document: data/developer-docs/apps/nextra/pages/en/developer-platforms/contribute/components/npm2yarn.mdx
2025-05-27 17:48:29,573 - __main__ - INFO - Processing file 296/531: data/developer-docs/apps/nextra/pages/en/developer-platforms/contribute/components/callout.mdx
2025-05-27 17:48:29,573 - __main__ - INFO - Processing markdown document: data/developer-docs/apps/nextra/pages/en/developer-platforms/contribute/components/callout.mdx
2025-05-27 17:48:29,573 - __main__ - INFO - Processing file 297/531: data/developer-docs/apps/nextra/pages/en/developer-platforms/contribute/components/organize-files.mdx
2025-05-27 17:48:29,573 - __main__ - INFO - Processing markdown document: data/developer-docs/apps/nextra/pages/en/developer-platforms/contribute/components/organize-files.mdx
2025-05-27 17:48:29,573 - __main__ - INFO - Processing file 298/531: data/developer-docs/apps/nextra/pages/en/developer-platforms/contribute/examples/pairings.mdx
2025-05-27 17:48:29,574 - __main__ - INFO - Processing markdown document: data/developer-docs/apps/nextra/pages/en/developer-platforms/contribute/examples/pairings.mdx
2025-05-27 17:48:29,574 - __main__ - INFO - Processing file 299/531: data/developer-docs/apps/nextra/pages/en/build/get-started.mdx
2025-05-27 17:48:29,574 - __main__ - INFO - Processing markdown document: data/developer-docs/apps/nextra/pages/en/build/get-started.mdx
2025-05-27 17:48:29,574 - __main__ - INFO - Processing file 300/531: data/developer-docs/apps/nextra/pages/en/build/cli.mdx
2025-05-27 17:48:29,575 - __main__ - INFO - Processing markdown document: data/developer-docs/apps/nextra/pages/en/build/cli.mdx
2025-05-27 17:48:29,575 - __main__ - INFO - Progress: 300/531 files (56.5%)
2025-05-27 17:48:29,575 - __main__ - INFO - Processing file 301/531: data/developer-docs/apps/nextra/pages/en/build/apis.mdx
2025-05-27 17:48:29,575 - __main__ - INFO - Processing markdown document: data/developer-docs/apps/nextra/pages/en/build/apis.mdx
2025-05-27 17:48:29,575 - __main__ - INFO - Processing file 302/531: data/developer-docs/apps/nextra/pages/en/build/smart-contracts.mdx
2025-05-27 17:48:29,575 - __main__ - INFO - Processing markdown document: data/developer-docs/apps/nextra/pages/en/build/smart-contracts.mdx
2025-05-27 17:48:29,575 - __main__ - INFO - Processing file 303/531: data/developer-docs/apps/nextra/pages/en/build/sdks.mdx
2025-05-27 17:48:29,575 - __main__ - INFO - Processing markdown document: data/developer-docs/apps/nextra/pages/en/build/sdks.mdx
2025-05-27 17:48:29,575 - __main__ - INFO - Processing file 304/531: data/developer-docs/apps/nextra/pages/en/build/create-aptos-dapp.mdx
2025-05-27 17:48:29,576 - __main__ - INFO - Processing markdown document: data/developer-docs/apps/nextra/pages/en/build/create-aptos-dapp.mdx
2025-05-27 17:48:29,576 - __main__ - INFO - Processing file 305/531: data/developer-docs/apps/nextra/pages/en/build/indexer.mdx
2025-05-27 17:48:29,576 - __main__ - INFO - Processing markdown document: data/developer-docs/apps/nextra/pages/en/build/indexer.mdx
2025-05-27 17:48:29,576 - __main__ - INFO - Processing file 306/531: data/developer-docs/apps/nextra/pages/en/build/guides.mdx
2025-05-27 17:48:29,576 - __main__ - INFO - Processing markdown document: data/developer-docs/apps/nextra/pages/en/build/guides.mdx
2025-05-27 17:48:29,576 - __main__ - INFO - Processing file 307/531: data/developer-docs/apps/nextra/pages/en/build/apis/faucet-api.mdx
2025-05-27 17:48:29,576 - __main__ - INFO - Processing markdown document: data/developer-docs/apps/nextra/pages/en/build/apis/faucet-api.mdx
2025-05-27 17:48:29,577 - __main__ - INFO - Processing file 308/531: data/developer-docs/apps/nextra/pages/en/build/apis/fullnode-rest-api-reference.mdx
2025-05-27 17:48:29,577 - __main__ - INFO - Processing markdown document: data/developer-docs/apps/nextra/pages/en/build/apis/fullnode-rest-api-reference.mdx
2025-05-27 17:48:29,577 - __main__ - INFO - Processing file 309/531: data/developer-docs/apps/nextra/pages/en/build/apis/data-providers.mdx
2025-05-27 17:48:29,577 - __main__ - INFO - Processing markdown document: data/developer-docs/apps/nextra/pages/en/build/apis/data-providers.mdx
2025-05-27 17:48:29,577 - __main__ - INFO - Processing file 310/531: data/developer-docs/apps/nextra/pages/en/build/apis/fullnode-rest-api.mdx
2025-05-27 17:48:29,577 - __main__ - INFO - Processing markdown document: data/developer-docs/apps/nextra/pages/en/build/apis/fullnode-rest-api.mdx
2025-05-27 17:48:29,577 - __main__ - INFO - Progress: 310/531 files (58.4%)
2025-05-27 17:48:29,577 - __main__ - INFO - Processing file 311/531: data/developer-docs/apps/nextra/pages/en/build/apis/aptos-labs-developer-portal.mdx
2025-05-27 17:48:29,577 - __main__ - INFO - Processing markdown document: data/developer-docs/apps/nextra/pages/en/build/apis/aptos-labs-developer-portal.mdx
2025-05-27 17:48:29,578 - __main__ - INFO - Processing file 312/531: data/developer-docs/apps/nextra/pages/en/build/sdks/wallet-adapter.mdx
2025-05-27 17:48:29,578 - __main__ - INFO - Processing markdown document: data/developer-docs/apps/nextra/pages/en/build/sdks/wallet-adapter.mdx
2025-05-27 17:48:29,578 - __main__ - INFO - Processing file 313/531: data/developer-docs/apps/nextra/pages/en/build/sdks/go-sdk.mdx
2025-05-27 17:48:29,578 - __main__ - INFO - Processing markdown document: data/developer-docs/apps/nextra/pages/en/build/sdks/go-sdk.mdx
2025-05-27 17:48:29,578 - __main__ - INFO - Processing file 314/531: data/developer-docs/apps/nextra/pages/en/build/sdks/dotnet-sdk.mdx
2025-05-27 17:48:29,578 - __main__ - INFO - Processing markdown document: data/developer-docs/apps/nextra/pages/en/build/sdks/dotnet-sdk.mdx
2025-05-27 17:48:29,578 - __main__ - INFO - Processing file 315/531: data/developer-docs/apps/nextra/pages/en/build/sdks/ts-sdk.mdx
2025-05-27 17:48:29,578 - __main__ - INFO - Processing markdown document: data/developer-docs/apps/nextra/pages/en/build/sdks/ts-sdk.mdx
2025-05-27 17:48:29,578 - __main__ - INFO - Processing file 316/531: data/developer-docs/apps/nextra/pages/en/build/sdks/rust-sdk.mdx
2025-05-27 17:48:29,578 - __main__ - INFO - Processing markdown document: data/developer-docs/apps/nextra/pages/en/build/sdks/rust-sdk.mdx
2025-05-27 17:48:29,578 - __main__ - INFO - Processing file 317/531: data/developer-docs/apps/nextra/pages/en/build/sdks/python-sdk.mdx
2025-05-27 17:48:29,578 - __main__ - INFO - Processing markdown document: data/developer-docs/apps/nextra/pages/en/build/sdks/python-sdk.mdx
2025-05-27 17:48:29,578 - __main__ - INFO - Processing file 318/531: data/developer-docs/apps/nextra/pages/en/build/sdks/cpp-sdk.mdx
2025-05-27 17:48:29,579 - __main__ - INFO - Processing markdown document: data/developer-docs/apps/nextra/pages/en/build/sdks/cpp-sdk.mdx
2025-05-27 17:48:29,579 - __main__ - INFO - Processing file 319/531: data/developer-docs/apps/nextra/pages/en/build/sdks/unity-sdk.mdx
2025-05-27 17:48:29,579 - __main__ - INFO - Processing markdown document: data/developer-docs/apps/nextra/pages/en/build/sdks/unity-sdk.mdx
2025-05-27 17:48:29,579 - __main__ - INFO - Processing file 320/531: data/developer-docs/apps/nextra/pages/en/build/sdks/community-sdks.mdx
2025-05-27 17:48:29,579 - __main__ - INFO - Processing markdown document: data/developer-docs/apps/nextra/pages/en/build/sdks/community-sdks.mdx
2025-05-27 17:48:29,579 - __main__ - INFO - Progress: 320/531 files (60.3%)
2025-05-27 17:48:29,579 - __main__ - INFO - Processing file 321/531: data/developer-docs/apps/nextra/pages/en/build/sdks/ts-sdk/account.mdx
2025-05-27 17:48:29,579 - __main__ - INFO - Processing markdown document: data/developer-docs/apps/nextra/pages/en/build/sdks/ts-sdk/account.mdx
2025-05-27 17:48:29,579 - __main__ - INFO - Processing file 322/531: data/developer-docs/apps/nextra/pages/en/build/sdks/ts-sdk/building-transactions.mdx
2025-05-27 17:48:29,579 - __main__ - INFO - Processing markdown document: data/developer-docs/apps/nextra/pages/en/build/sdks/ts-sdk/building-transactions.mdx
2025-05-27 17:48:29,579 - __main__ - INFO - Processing file 323/531: data/developer-docs/apps/nextra/pages/en/build/sdks/ts-sdk/ts-examples.mdx
2025-05-27 17:48:29,579 - __main__ - INFO - Processing markdown document: data/developer-docs/apps/nextra/pages/en/build/sdks/ts-sdk/ts-examples.mdx
2025-05-27 17:48:29,580 - __main__ - INFO - Processing file 324/531: data/developer-docs/apps/nextra/pages/en/build/sdks/ts-sdk/fetch-data-via-sdk.mdx
2025-05-27 17:48:29,580 - __main__ - INFO - Processing markdown document: data/developer-docs/apps/nextra/pages/en/build/sdks/ts-sdk/fetch-data-via-sdk.mdx
2025-05-27 17:48:29,580 - __main__ - INFO - Processing file 325/531: data/developer-docs/apps/nextra/pages/en/build/sdks/ts-sdk/quickstart.mdx
2025-05-27 17:48:29,580 - __main__ - INFO - Processing markdown document: data/developer-docs/apps/nextra/pages/en/build/sdks/ts-sdk/quickstart.mdx
2025-05-27 17:48:29,580 - __main__ - INFO - Processing file 326/531: data/developer-docs/apps/nextra/pages/en/build/sdks/ts-sdk/legacy-ts-sdk.mdx
2025-05-27 17:48:29,580 - __main__ - INFO - Processing markdown document: data/developer-docs/apps/nextra/pages/en/build/sdks/ts-sdk/legacy-ts-sdk.mdx
2025-05-27 17:48:29,580 - __main__ - INFO - Processing file 327/531: data/developer-docs/apps/nextra/pages/en/build/sdks/ts-sdk/type-safe-contract.mdx
2025-05-27 17:48:29,580 - __main__ - INFO - Processing markdown document: data/developer-docs/apps/nextra/pages/en/build/sdks/ts-sdk/type-safe-contract.mdx
2025-05-27 17:48:29,580 - __main__ - INFO - Processing file 328/531: data/developer-docs/apps/nextra/pages/en/build/sdks/ts-sdk/building-transactions/sponsoring-transactions.mdx
2025-05-27 17:48:29,580 - __main__ - INFO - Processing markdown document: data/developer-docs/apps/nextra/pages/en/build/sdks/ts-sdk/building-transactions/sponsoring-transactions.mdx
2025-05-27 17:48:29,581 - __main__ - INFO - Processing file 329/531: data/developer-docs/apps/nextra/pages/en/build/sdks/ts-sdk/building-transactions/multi-agent-transactions.mdx
2025-05-27 17:48:29,581 - __main__ - INFO - Processing markdown document: data/developer-docs/apps/nextra/pages/en/build/sdks/ts-sdk/building-transactions/multi-agent-transactions.mdx
2025-05-27 17:48:29,581 - __main__ - INFO - Processing file 330/531: data/developer-docs/apps/nextra/pages/en/build/sdks/ts-sdk/building-transactions/simulating-transactions.mdx
2025-05-27 17:48:29,581 - __main__ - INFO - Processing markdown document: data/developer-docs/apps/nextra/pages/en/build/sdks/ts-sdk/building-transactions/simulating-transactions.mdx
2025-05-27 17:48:29,581 - __main__ - INFO - Progress: 330/531 files (62.1%)
2025-05-27 17:48:29,581 - __main__ - INFO - Processing file 331/531: data/developer-docs/apps/nextra/pages/en/build/sdks/ts-sdk/building-transactions/script-composer.mdx
2025-05-27 17:48:29,581 - __main__ - INFO - Processing markdown document: data/developer-docs/apps/nextra/pages/en/build/sdks/ts-sdk/building-transactions/script-composer.mdx
2025-05-27 17:48:29,581 - __main__ - INFO - Processing file 332/531: data/developer-docs/apps/nextra/pages/en/build/sdks/ts-sdk/building-transactions/batching-transactions.mdx
2025-05-27 17:48:29,581 - __main__ - INFO - Processing markdown document: data/developer-docs/apps/nextra/pages/en/build/sdks/ts-sdk/building-transactions/batching-transactions.mdx
2025-05-27 17:48:29,582 - __main__ - INFO - Processing file 333/531: data/developer-docs/apps/nextra/pages/en/build/sdks/ts-sdk/building-transactions/bcs-format.mdx
2025-05-27 17:48:29,582 - __main__ - INFO - Processing markdown document: data/developer-docs/apps/nextra/pages/en/build/sdks/ts-sdk/building-transactions/bcs-format.mdx
2025-05-27 17:48:29,582 - __main__ - INFO - Processing file 334/531: data/developer-docs/apps/nextra/pages/en/build/sdks/ts-sdk/legacy-ts-sdk/migration-guide.mdx
2025-05-27 17:48:29,582 - __main__ - INFO - Processing markdown document: data/developer-docs/apps/nextra/pages/en/build/sdks/ts-sdk/legacy-ts-sdk/migration-guide.mdx
2025-05-27 17:48:29,582 - __main__ - INFO - Processing file 335/531: data/developer-docs/apps/nextra/pages/en/build/sdks/ts-sdk/account/account-abstraction.mdx
2025-05-27 17:48:29,582 - __main__ - INFO - Processing markdown document: data/developer-docs/apps/nextra/pages/en/build/sdks/ts-sdk/account/account-abstraction.mdx
2025-05-27 17:48:29,583 - __main__ - INFO - Processing file 336/531: data/developer-docs/apps/nextra/pages/en/build/sdks/community-sdks/swift-sdk.mdx
2025-05-27 17:48:29,583 - __main__ - INFO - Processing markdown document: data/developer-docs/apps/nextra/pages/en/build/sdks/community-sdks/swift-sdk.mdx
2025-05-27 17:48:29,583 - __main__ - INFO - Processing file 337/531: data/developer-docs/apps/nextra/pages/en/build/sdks/community-sdks/kotlin-sdk.mdx
2025-05-27 17:48:29,583 - __main__ - INFO - Processing markdown document: data/developer-docs/apps/nextra/pages/en/build/sdks/community-sdks/kotlin-sdk.mdx
2025-05-27 17:48:29,583 - __main__ - INFO - Processing file 338/531: data/developer-docs/apps/nextra/pages/en/build/sdks/community-sdks/unity-opendive-sdk.mdx
2025-05-27 17:48:29,583 - __main__ - INFO - Processing markdown document: data/developer-docs/apps/nextra/pages/en/build/sdks/community-sdks/unity-opendive-sdk.mdx
2025-05-27 17:48:29,583 - __main__ - INFO - Processing file 339/531: data/developer-docs/apps/nextra/pages/en/build/sdks/community-sdks/kotlin-sdk/account.mdx
2025-05-27 17:48:29,584 - __main__ - INFO - Processing markdown document: data/developer-docs/apps/nextra/pages/en/build/sdks/community-sdks/kotlin-sdk/account.mdx
2025-05-27 17:48:29,584 - __main__ - INFO - Processing file 340/531: data/developer-docs/apps/nextra/pages/en/build/sdks/community-sdks/kotlin-sdk/building-transactions.mdx
2025-05-27 17:48:29,584 - __main__ - INFO - Processing markdown document: data/developer-docs/apps/nextra/pages/en/build/sdks/community-sdks/kotlin-sdk/building-transactions.mdx
2025-05-27 17:48:29,584 - __main__ - INFO - Progress: 340/531 files (64.0%)
2025-05-27 17:48:29,584 - __main__ - INFO - Processing file 341/531: data/developer-docs/apps/nextra/pages/en/build/sdks/community-sdks/kotlin-sdk/fetch-data-via-sdk.mdx
2025-05-27 17:48:29,584 - __main__ - INFO - Processing markdown document: data/developer-docs/apps/nextra/pages/en/build/sdks/community-sdks/kotlin-sdk/fetch-data-via-sdk.mdx
2025-05-27 17:48:29,584 - __main__ - INFO - Processing file 342/531: data/developer-docs/apps/nextra/pages/en/build/sdks/community-sdks/kotlin-sdk/sponsored-transactions.mdx
2025-05-27 17:48:29,584 - __main__ - INFO - Processing markdown document: data/developer-docs/apps/nextra/pages/en/build/sdks/community-sdks/kotlin-sdk/sponsored-transactions.mdx
2025-05-27 17:48:29,584 - __main__ - INFO - Processing file 343/531: data/developer-docs/apps/nextra/pages/en/build/sdks/community-sdks/kotlin-sdk/client-configuration.mdx
2025-05-27 17:48:29,584 - __main__ - INFO - Processing markdown document: data/developer-docs/apps/nextra/pages/en/build/sdks/community-sdks/kotlin-sdk/client-configuration.mdx
2025-05-27 17:48:29,584 - __main__ - INFO - Processing file 344/531: data/developer-docs/apps/nextra/pages/en/build/sdks/community-sdks/kotlin-sdk/quickstart.mdx
2025-05-27 17:48:29,584 - __main__ - INFO - Processing markdown document: data/developer-docs/apps/nextra/pages/en/build/sdks/community-sdks/kotlin-sdk/quickstart.mdx
2025-05-27 17:48:29,585 - __main__ - INFO - Processing file 345/531: data/developer-docs/apps/nextra/pages/en/build/sdks/community-sdks/kotlin-sdk/for-ios-devs/aptos-kit.mdx
2025-05-27 17:48:29,585 - __main__ - INFO - Processing markdown document: data/developer-docs/apps/nextra/pages/en/build/sdks/community-sdks/kotlin-sdk/for-ios-devs/aptos-kit.mdx
2025-05-27 17:48:29,585 - __main__ - INFO - Processing file 346/531: data/developer-docs/apps/nextra/pages/en/build/sdks/community-sdks/kotlin-sdk/for-ios-devs/getting-started.mdx
2025-05-27 17:48:29,585 - __main__ - INFO - Processing markdown document: data/developer-docs/apps/nextra/pages/en/build/sdks/community-sdks/kotlin-sdk/for-ios-devs/getting-started.mdx
2025-05-27 17:48:29,585 - __main__ - INFO - Processing file 347/531: data/developer-docs/apps/nextra/pages/en/build/sdks/go-sdk/account.mdx
2025-05-27 17:48:29,585 - __main__ - INFO - Processing markdown document: data/developer-docs/apps/nextra/pages/en/build/sdks/go-sdk/account.mdx
2025-05-27 17:48:29,585 - __main__ - INFO - Processing file 348/531: data/developer-docs/apps/nextra/pages/en/build/sdks/go-sdk/go-examples.mdx
2025-05-27 17:48:29,585 - __main__ - INFO - Processing markdown document: data/developer-docs/apps/nextra/pages/en/build/sdks/go-sdk/go-examples.mdx
2025-05-27 17:48:29,585 - __main__ - INFO - Processing file 349/531: data/developer-docs/apps/nextra/pages/en/build/sdks/go-sdk/building-transactions.mdx
2025-05-27 17:48:29,585 - __main__ - INFO - Processing markdown document: data/developer-docs/apps/nextra/pages/en/build/sdks/go-sdk/building-transactions.mdx
2025-05-27 17:48:29,586 - __main__ - INFO - Processing file 350/531: data/developer-docs/apps/nextra/pages/en/build/sdks/go-sdk/fetch-data-via-sdk.mdx
2025-05-27 17:48:29,586 - __main__ - INFO - Processing markdown document: data/developer-docs/apps/nextra/pages/en/build/sdks/go-sdk/fetch-data-via-sdk.mdx
2025-05-27 17:48:29,586 - __main__ - INFO - Progress: 350/531 files (65.9%)
2025-05-27 17:48:29,586 - __main__ - INFO - Processing file 351/531: data/developer-docs/apps/nextra/pages/en/build/sdks/go-sdk/building-transactions/sponsoring-transactions.mdx
2025-05-27 17:48:29,586 - __main__ - INFO - Processing markdown document: data/developer-docs/apps/nextra/pages/en/build/sdks/go-sdk/building-transactions/sponsoring-transactions.mdx
2025-05-27 17:48:29,586 - __main__ - INFO - Processing file 352/531: data/developer-docs/apps/nextra/pages/en/build/sdks/go-sdk/building-transactions/multi-agent-transactions.mdx
2025-05-27 17:48:29,586 - __main__ - INFO - Processing markdown document: data/developer-docs/apps/nextra/pages/en/build/sdks/go-sdk/building-transactions/multi-agent-transactions.mdx
2025-05-27 17:48:29,586 - __main__ - INFO - Processing file 353/531: data/developer-docs/apps/nextra/pages/en/build/sdks/go-sdk/building-transactions/simulating-transactions.mdx
2025-05-27 17:48:29,586 - __main__ - INFO - Processing markdown document: data/developer-docs/apps/nextra/pages/en/build/sdks/go-sdk/building-transactions/simulating-transactions.mdx
2025-05-27 17:48:29,586 - __main__ - INFO - Processing file 354/531: data/developer-docs/apps/nextra/pages/en/build/sdks/go-sdk/building-transactions/batching-transactions.mdx
2025-05-27 17:48:29,587 - __main__ - INFO - Processing markdown document: data/developer-docs/apps/nextra/pages/en/build/sdks/go-sdk/building-transactions/batching-transactions.mdx
2025-05-27 17:48:29,587 - __main__ - INFO - Processing file 355/531: data/developer-docs/apps/nextra/pages/en/build/sdks/go-sdk/building-transactions/bcs-format.mdx
2025-05-27 17:48:29,587 - __main__ - INFO - Processing markdown document: data/developer-docs/apps/nextra/pages/en/build/sdks/go-sdk/building-transactions/bcs-format.mdx
2025-05-27 17:48:29,587 - __main__ - INFO - Processing file 356/531: data/developer-docs/apps/nextra/pages/en/build/sdks/wallet-adapter/wallet-standards.mdx
2025-05-27 17:48:29,587 - __main__ - INFO - Processing markdown document: data/developer-docs/apps/nextra/pages/en/build/sdks/wallet-adapter/wallet-standards.mdx
2025-05-27 17:48:29,587 - __main__ - INFO - Processing file 357/531: data/developer-docs/apps/nextra/pages/en/build/sdks/wallet-adapter/wallets.mdx
2025-05-27 17:48:29,587 - __main__ - INFO - Processing markdown document: data/developer-docs/apps/nextra/pages/en/build/sdks/wallet-adapter/wallets.mdx
2025-05-27 17:48:29,588 - __main__ - INFO - Processing file 358/531: data/developer-docs/apps/nextra/pages/en/build/sdks/wallet-adapter/dapp.mdx
2025-05-27 17:48:29,588 - __main__ - INFO - Processing markdown document: data/developer-docs/apps/nextra/pages/en/build/sdks/wallet-adapter/dapp.mdx
2025-05-27 17:48:29,588 - __main__ - INFO - Processing file 359/531: data/developer-docs/apps/nextra/pages/en/build/sdks/wallet-adapter/browser-extension-wallets.mdx
2025-05-27 17:48:29,588 - __main__ - INFO - Processing markdown document: data/developer-docs/apps/nextra/pages/en/build/sdks/wallet-adapter/browser-extension-wallets.mdx
2025-05-27 17:48:29,589 - __main__ - INFO - Processing file 360/531: data/developer-docs/apps/nextra/pages/en/build/sdks/dotnet-sdk/dotnet-examples.mdx
2025-05-27 17:48:29,589 - __main__ - INFO - Processing markdown document: data/developer-docs/apps/nextra/pages/en/build/sdks/dotnet-sdk/dotnet-examples.mdx
2025-05-27 17:48:29,589 - __main__ - INFO - Progress: 360/531 files (67.8%)
2025-05-27 17:48:29,589 - __main__ - INFO - Processing file 361/531: data/developer-docs/apps/nextra/pages/en/build/sdks/dotnet-sdk/godot-integration.mdx
2025-05-27 17:48:29,589 - __main__ - INFO - Processing markdown document: data/developer-docs/apps/nextra/pages/en/build/sdks/dotnet-sdk/godot-integration.mdx
2025-05-27 17:48:29,589 - __main__ - INFO - Processing file 362/531: data/developer-docs/apps/nextra/pages/en/build/sdks/dotnet-sdk/unity-integration.mdx
2025-05-27 17:48:29,589 - __main__ - INFO - Processing markdown document: data/developer-docs/apps/nextra/pages/en/build/sdks/dotnet-sdk/unity-integration.mdx
2025-05-27 17:48:29,589 - __main__ - INFO - Processing file 363/531: data/developer-docs/apps/nextra/pages/en/build/sdks/dotnet-sdk/getting-started.mdx
2025-05-27 17:48:29,589 - __main__ - INFO - Processing markdown document: data/developer-docs/apps/nextra/pages/en/build/sdks/dotnet-sdk/getting-started.mdx
2025-05-27 17:48:29,589 - __main__ - INFO - Processing file 364/531: data/developer-docs/apps/nextra/pages/en/build/sdks/dotnet-sdk/queries/view.mdx
2025-05-27 17:48:29,589 - __main__ - INFO - Processing markdown document: data/developer-docs/apps/nextra/pages/en/build/sdks/dotnet-sdk/queries/view.mdx
2025-05-27 17:48:29,590 - __main__ - INFO - Processing file 365/531: data/developer-docs/apps/nextra/pages/en/build/sdks/dotnet-sdk/transactions/sponsored-transactions.mdx
2025-05-27 17:48:29,590 - __main__ - INFO - Processing markdown document: data/developer-docs/apps/nextra/pages/en/build/sdks/dotnet-sdk/transactions/sponsored-transactions.mdx
2025-05-27 17:48:29,590 - __main__ - INFO - Processing file 366/531: data/developer-docs/apps/nextra/pages/en/build/sdks/dotnet-sdk/transactions/basic-transactions.mdx
2025-05-27 17:48:29,590 - __main__ - INFO - Processing markdown document: data/developer-docs/apps/nextra/pages/en/build/sdks/dotnet-sdk/transactions/basic-transactions.mdx
2025-05-27 17:48:29,590 - __main__ - INFO - Processing file 367/531: data/developer-docs/apps/nextra/pages/en/build/sdks/dotnet-sdk/accounts/keyless.mdx
2025-05-27 17:48:29,590 - __main__ - INFO - Processing markdown document: data/developer-docs/apps/nextra/pages/en/build/sdks/dotnet-sdk/accounts/keyless.mdx
2025-05-27 17:48:29,590 - __main__ - INFO - Processing file 368/531: data/developer-docs/apps/nextra/pages/en/build/sdks/dotnet-sdk/accounts/multikey.mdx
2025-05-27 17:48:29,590 - __main__ - INFO - Processing markdown document: data/developer-docs/apps/nextra/pages/en/build/sdks/dotnet-sdk/accounts/multikey.mdx
2025-05-27 17:48:29,590 - __main__ - INFO - Processing file 369/531: data/developer-docs/apps/nextra/pages/en/build/sdks/dotnet-sdk/accounts/ed25519.mdx
2025-05-27 17:48:29,591 - __main__ - INFO - Processing markdown document: data/developer-docs/apps/nextra/pages/en/build/sdks/dotnet-sdk/accounts/ed25519.mdx
2025-05-27 17:48:29,591 - __main__ - INFO - Processing file 370/531: data/developer-docs/apps/nextra/pages/en/build/cli/public-network.mdx
2025-05-27 17:48:29,591 - __main__ - INFO - Processing markdown document: data/developer-docs/apps/nextra/pages/en/build/cli/public-network.mdx
2025-05-27 17:48:29,591 - __main__ - INFO - Progress: 370/531 files (69.7%)
2025-05-27 17:48:29,591 - __main__ - INFO - Processing file 371/531: data/developer-docs/apps/nextra/pages/en/build/cli/replay-past-transactions.mdx
2025-05-27 17:48:29,591 - __main__ - INFO - Processing markdown document: data/developer-docs/apps/nextra/pages/en/build/cli/replay-past-transactions.mdx
2025-05-27 17:48:29,591 - __main__ - INFO - Processing file 372/531: data/developer-docs/apps/nextra/pages/en/build/cli/formatting-move-contracts.mdx
2025-05-27 17:48:29,591 - __main__ - INFO - Processing markdown document: data/developer-docs/apps/nextra/pages/en/build/cli/formatting-move-contracts.mdx
2025-05-27 17:48:29,591 - __main__ - INFO - Processing file 373/531: data/developer-docs/apps/nextra/pages/en/build/cli/managing-a-network-node.mdx
2025-05-27 17:48:29,591 - __main__ - INFO - Processing markdown document: data/developer-docs/apps/nextra/pages/en/build/cli/managing-a-network-node.mdx
2025-05-27 17:48:29,591 - __main__ - INFO - Processing file 374/531: data/developer-docs/apps/nextra/pages/en/build/cli/trying-things-on-chain.mdx
2025-05-27 17:48:29,591 - __main__ - INFO - Processing markdown document: data/developer-docs/apps/nextra/pages/en/build/cli/trying-things-on-chain.mdx
2025-05-27 17:48:29,591 - __main__ - INFO - Processing file 375/531: data/developer-docs/apps/nextra/pages/en/build/cli/start-from-template.mdx
2025-05-27 17:48:29,591 - __main__ - INFO - Processing markdown document: data/developer-docs/apps/nextra/pages/en/build/cli/start-from-template.mdx
2025-05-27 17:48:29,592 - __main__ - INFO - Processing file 376/531: data/developer-docs/apps/nextra/pages/en/build/cli/running-a-local-network.mdx
2025-05-27 17:48:29,592 - __main__ - INFO - Processing markdown document: data/developer-docs/apps/nextra/pages/en/build/cli/running-a-local-network.mdx
2025-05-27 17:48:29,592 - __main__ - INFO - Processing file 377/531: data/developer-docs/apps/nextra/pages/en/build/cli/working-with-move-contracts.mdx
2025-05-27 17:48:29,592 - __main__ - INFO - Processing markdown document: data/developer-docs/apps/nextra/pages/en/build/cli/working-with-move-contracts.mdx
2025-05-27 17:48:29,592 - __main__ - INFO - Processing file 378/531: data/developer-docs/apps/nextra/pages/en/build/cli/setup-cli.mdx
2025-05-27 17:48:29,593 - __main__ - INFO - Processing markdown document: data/developer-docs/apps/nextra/pages/en/build/cli/setup-cli.mdx
2025-05-27 17:48:29,593 - __main__ - INFO - Processing file 379/531: data/developer-docs/apps/nextra/pages/en/build/cli/working-with-move-contracts/local-simulation-benchmarking-and-gas-profiling.mdx
2025-05-27 17:48:29,593 - __main__ - INFO - Processing markdown document: data/developer-docs/apps/nextra/pages/en/build/cli/working-with-move-contracts/local-simulation-benchmarking-and-gas-profiling.mdx
2025-05-27 17:48:29,593 - __main__ - INFO - Processing file 380/531: data/developer-docs/apps/nextra/pages/en/build/cli/working-with-move-contracts/arguments-in-json-tutorial.mdx
2025-05-27 17:48:29,593 - __main__ - INFO - Processing markdown document: data/developer-docs/apps/nextra/pages/en/build/cli/working-with-move-contracts/arguments-in-json-tutorial.mdx
2025-05-27 17:48:29,593 - __main__ - INFO - Progress: 380/531 files (71.6%)
2025-05-27 17:48:29,593 - __main__ - INFO - Processing file 381/531: data/developer-docs/apps/nextra/pages/en/build/cli/working-with-move-contracts/multi-signature-tutorial.mdx
2025-05-27 17:48:29,593 - __main__ - INFO - Processing markdown document: data/developer-docs/apps/nextra/pages/en/build/cli/working-with-move-contracts/multi-signature-tutorial.mdx
2025-05-27 17:48:29,594 - __main__ - INFO - Processing file 382/531: data/developer-docs/apps/nextra/pages/en/build/cli/setup-cli/install-move-prover.mdx
2025-05-27 17:48:29,594 - __main__ - INFO - Processing markdown document: data/developer-docs/apps/nextra/pages/en/build/cli/setup-cli/install-move-prover.mdx
2025-05-27 17:48:29,594 - __main__ - INFO - Processing file 383/531: data/developer-docs/apps/nextra/pages/en/build/cli/trying-things-on-chain/ledger.mdx
2025-05-27 17:48:29,594 - __main__ - INFO - Processing markdown document: data/developer-docs/apps/nextra/pages/en/build/cli/trying-things-on-chain/ledger.mdx
2025-05-27 17:48:29,594 - __main__ - INFO - Processing file 384/531: data/developer-docs/apps/nextra/pages/en/build/cli/trying-things-on-chain/looking-up-account-info.mdx
2025-05-27 17:48:29,595 - __main__ - INFO - Processing markdown document: data/developer-docs/apps/nextra/pages/en/build/cli/trying-things-on-chain/looking-up-account-info.mdx
2025-05-27 17:48:29,595 - __main__ - INFO - Processing file 385/531: data/developer-docs/apps/nextra/pages/en/build/cli/trying-things-on-chain/create-test-accounts.mdx
2025-05-27 17:48:29,595 - __main__ - INFO - Processing markdown document: data/developer-docs/apps/nextra/pages/en/build/cli/trying-things-on-chain/create-test-accounts.mdx
2025-05-27 17:48:29,595 - __main__ - INFO - Processing file 386/531: data/developer-docs/apps/nextra/pages/en/build/cli/install-cli/install-cli-mac.mdx
2025-05-27 17:48:29,595 - __main__ - INFO - Processing markdown document: data/developer-docs/apps/nextra/pages/en/build/cli/install-cli/install-cli-mac.mdx
2025-05-27 17:48:29,595 - __main__ - INFO - Processing file 387/531: data/developer-docs/apps/nextra/pages/en/build/cli/install-cli/install-cli-windows.mdx
2025-05-27 17:48:29,595 - __main__ - INFO - Processing markdown document: data/developer-docs/apps/nextra/pages/en/build/cli/install-cli/install-cli-windows.mdx
2025-05-27 17:48:29,595 - __main__ - INFO - Processing file 388/531: data/developer-docs/apps/nextra/pages/en/build/cli/install-cli/install-cli-specific-version.mdx
2025-05-27 17:48:29,595 - __main__ - INFO - Processing markdown document: data/developer-docs/apps/nextra/pages/en/build/cli/install-cli/install-cli-specific-version.mdx
2025-05-27 17:48:29,595 - __main__ - INFO - Processing file 389/531: data/developer-docs/apps/nextra/pages/en/build/cli/install-cli/install-cli-linux.mdx
2025-05-27 17:48:29,596 - __main__ - INFO - Processing markdown document: data/developer-docs/apps/nextra/pages/en/build/cli/install-cli/install-cli-linux.mdx
2025-05-27 17:48:29,596 - __main__ - INFO - Processing file 390/531: data/developer-docs/apps/nextra/pages/en/build/create-aptos-dapp/faq.mdx
2025-05-27 17:48:29,596 - __main__ - INFO - Processing markdown document: data/developer-docs/apps/nextra/pages/en/build/create-aptos-dapp/faq.mdx
2025-05-27 17:48:29,596 - __main__ - INFO - Progress: 390/531 files (73.4%)
2025-05-27 17:48:29,596 - __main__ - INFO - Processing file 391/531: data/developer-docs/apps/nextra/pages/en/build/guides/oracles.mdx
2025-05-27 17:48:29,596 - __main__ - INFO - Processing markdown document: data/developer-docs/apps/nextra/pages/en/build/guides/oracles.mdx
2025-05-27 17:48:29,596 - __main__ - INFO - Processing file 392/531: data/developer-docs/apps/nextra/pages/en/build/guides/multisig-managed-fungible-asset.mdx
2025-05-27 17:48:29,596 - __main__ - INFO - Processing markdown document: data/developer-docs/apps/nextra/pages/en/build/guides/multisig-managed-fungible-asset.mdx
2025-05-27 17:48:29,596 - __main__ - INFO - Processing file 393/531: data/developer-docs/apps/nextra/pages/en/build/guides/first-coin.mdx
2025-05-27 17:48:29,597 - __main__ - INFO - Processing markdown document: data/developer-docs/apps/nextra/pages/en/build/guides/first-coin.mdx
2025-05-27 17:48:29,597 - __main__ - INFO - Processing file 394/531: data/developer-docs/apps/nextra/pages/en/build/guides/key-rotation.mdx
2025-05-27 17:48:29,597 - __main__ - INFO - Processing markdown document: data/developer-docs/apps/nextra/pages/en/build/guides/key-rotation.mdx
2025-05-27 17:48:29,598 - __main__ - INFO - Processing file 395/531: data/developer-docs/apps/nextra/pages/en/build/guides/system-integrators-guide.mdx
2025-05-27 17:48:29,598 - __main__ - INFO - Processing markdown document: data/developer-docs/apps/nextra/pages/en/build/guides/system-integrators-guide.mdx
2025-05-27 17:48:29,598 - __main__ - INFO - Processing file 396/531: data/developer-docs/apps/nextra/pages/en/build/guides/exchanges.mdx
2025-05-27 17:48:29,599 - __main__ - INFO - Processing markdown document: data/developer-docs/apps/nextra/pages/en/build/guides/exchanges.mdx
2025-05-27 17:48:29,599 - __main__ - INFO - Processing file 397/531: data/developer-docs/apps/nextra/pages/en/build/guides/first-fungible-asset.mdx
2025-05-27 17:48:29,599 - __main__ - INFO - Processing markdown document: data/developer-docs/apps/nextra/pages/en/build/guides/first-fungible-asset.mdx
2025-05-27 17:48:29,599 - __main__ - INFO - Processing file 398/531: data/developer-docs/apps/nextra/pages/en/build/guides/build-e2e-dapp.mdx
2025-05-27 17:48:29,600 - __main__ - INFO - Processing markdown document: data/developer-docs/apps/nextra/pages/en/build/guides/build-e2e-dapp.mdx
2025-05-27 17:48:29,600 - __main__ - INFO - Processing file 399/531: data/developer-docs/apps/nextra/pages/en/build/guides/first-move-module.mdx
2025-05-27 17:48:29,600 - __main__ - INFO - Processing markdown document: data/developer-docs/apps/nextra/pages/en/build/guides/first-move-module.mdx
2025-05-27 17:48:29,600 - __main__ - INFO - Processing file 400/531: data/developer-docs/apps/nextra/pages/en/build/guides/first-transaction.mdx
2025-05-27 17:48:29,601 - __main__ - INFO - Processing markdown document: data/developer-docs/apps/nextra/pages/en/build/guides/first-transaction.mdx
2025-05-27 17:48:29,601 - __main__ - INFO - Progress: 400/531 files (75.3%)
2025-05-27 17:48:29,601 - __main__ - INFO - Processing file 401/531: data/developer-docs/apps/nextra/pages/en/build/guides/transaction-management.mdx
2025-05-27 17:48:29,601 - __main__ - INFO - Processing markdown document: data/developer-docs/apps/nextra/pages/en/build/guides/transaction-management.mdx
2025-05-27 17:48:29,601 - __main__ - INFO - Processing file 402/531: data/developer-docs/apps/nextra/pages/en/build/guides/first-multisig.mdx
2025-05-27 17:48:29,601 - __main__ - INFO - Processing markdown document: data/developer-docs/apps/nextra/pages/en/build/guides/first-multisig.mdx
2025-05-27 17:48:29,602 - __main__ - INFO - Processing file 403/531: data/developer-docs/apps/nextra/pages/en/build/guides/sponsored-transactions.mdx
2025-05-27 17:48:29,602 - __main__ - INFO - Processing markdown document: data/developer-docs/apps/nextra/pages/en/build/guides/sponsored-transactions.mdx
2025-05-27 17:48:29,602 - __main__ - INFO - Processing file 404/531: data/developer-docs/apps/nextra/pages/en/build/guides/your-first-nft.mdx
2025-05-27 17:48:29,602 - __main__ - INFO - Processing markdown document: data/developer-docs/apps/nextra/pages/en/build/guides/your-first-nft.mdx
2025-05-27 17:48:29,603 - __main__ - INFO - Processing file 405/531: data/developer-docs/apps/nextra/pages/en/build/guides/aptos-keyless.mdx
2025-05-27 17:48:29,603 - __main__ - INFO - Processing markdown document: data/developer-docs/apps/nextra/pages/en/build/guides/aptos-keyless.mdx
2025-05-27 17:48:29,603 - __main__ - INFO - Processing file 406/531: data/developer-docs/apps/nextra/pages/en/build/guides/aptos-keyless/integration-guide.mdx
2025-05-27 17:48:29,603 - __main__ - INFO - Processing markdown document: data/developer-docs/apps/nextra/pages/en/build/guides/aptos-keyless/integration-guide.mdx
2025-05-27 17:48:29,603 - __main__ - INFO - Processing file 407/531: data/developer-docs/apps/nextra/pages/en/build/guides/aptos-keyless/how-keyless-works.mdx
2025-05-27 17:48:29,603 - __main__ - INFO - Processing markdown document: data/developer-docs/apps/nextra/pages/en/build/guides/aptos-keyless/how-keyless-works.mdx
2025-05-27 17:48:29,604 - __main__ - INFO - Processing file 408/531: data/developer-docs/apps/nextra/pages/en/build/guides/aptos-keyless/simple-example.mdx
2025-05-27 17:48:29,604 - __main__ - INFO - Processing markdown document: data/developer-docs/apps/nextra/pages/en/build/guides/aptos-keyless/simple-example.mdx
2025-05-27 17:48:29,604 - __main__ - INFO - Processing file 409/531: data/developer-docs/apps/nextra/pages/en/build/guides/aptos-keyless/federated-keyless.mdx
2025-05-27 17:48:29,604 - __main__ - INFO - Processing markdown document: data/developer-docs/apps/nextra/pages/en/build/guides/aptos-keyless/federated-keyless.mdx
2025-05-27 17:48:29,604 - __main__ - INFO - Processing file 410/531: data/developer-docs/apps/nextra/pages/en/build/guides/aptos-keyless/introduction.mdx
2025-05-27 17:48:29,604 - __main__ - INFO - Processing markdown document: data/developer-docs/apps/nextra/pages/en/build/guides/aptos-keyless/introduction.mdx
2025-05-27 17:48:29,604 - __main__ - INFO - Progress: 410/531 files (77.2%)
2025-05-27 17:48:29,604 - __main__ - INFO - Processing file 411/531: data/developer-docs/apps/nextra/pages/en/build/guides/aptos-keyless/oidc-support.mdx
2025-05-27 17:48:29,604 - __main__ - INFO - Processing markdown document: data/developer-docs/apps/nextra/pages/en/build/guides/aptos-keyless/oidc-support.mdx
2025-05-27 17:48:29,604 - __main__ - INFO - Processing file 412/531: data/developer-docs/apps/nextra/pages/en/build/guides/aptos-keyless/other.mdx
2025-05-27 17:48:29,604 - __main__ - INFO - Processing markdown document: data/developer-docs/apps/nextra/pages/en/build/guides/aptos-keyless/other.mdx
2025-05-27 17:48:29,604 - __main__ - INFO - Processing file 413/531: data/developer-docs/apps/nextra/pages/en/build/guides/aptos-keyless/federated-keyless/integration-guide.mdx
2025-05-27 17:48:29,605 - __main__ - INFO - Processing markdown document: data/developer-docs/apps/nextra/pages/en/build/guides/aptos-keyless/federated-keyless/integration-guide.mdx
2025-05-27 17:48:29,605 - __main__ - INFO - Processing file 414/531: data/developer-docs/apps/nextra/pages/en/build/guides/aptos-keyless/federated-keyless/key-considerations.mdx
2025-05-27 17:48:29,605 - __main__ - INFO - Processing markdown document: data/developer-docs/apps/nextra/pages/en/build/guides/aptos-keyless/federated-keyless/key-considerations.mdx
2025-05-27 17:48:29,605 - __main__ - INFO - Processing file 415/531: data/developer-docs/apps/nextra/pages/en/build/guides/aptos-keyless/federated-keyless/simple-example.mdx
2025-05-27 17:48:29,605 - __main__ - INFO - Processing markdown document: data/developer-docs/apps/nextra/pages/en/build/guides/aptos-keyless/federated-keyless/simple-example.mdx
2025-05-27 17:48:29,605 - __main__ - INFO - Processing file 416/531: data/developer-docs/apps/nextra/pages/en/build/guides/aptos-keyless/federated-keyless/other.mdx
2025-05-27 17:48:29,605 - __main__ - INFO - Processing markdown document: data/developer-docs/apps/nextra/pages/en/build/guides/aptos-keyless/federated-keyless/other.mdx
2025-05-27 17:48:29,605 - __main__ - INFO - Processing file 417/531: data/developer-docs/apps/nextra/pages/en/build/guides/build-e2e-dapp/3-add-wallet-support.mdx
2025-05-27 17:48:29,605 - __main__ - INFO - Processing markdown document: data/developer-docs/apps/nextra/pages/en/build/guides/build-e2e-dapp/3-add-wallet-support.mdx
2025-05-27 17:48:29,605 - __main__ - INFO - Processing file 418/531: data/developer-docs/apps/nextra/pages/en/build/guides/build-e2e-dapp/4-fetch-data-from-chain.mdx
2025-05-27 17:48:29,605 - __main__ - INFO - Processing markdown document: data/developer-docs/apps/nextra/pages/en/build/guides/build-e2e-dapp/4-fetch-data-from-chain.mdx
2025-05-27 17:48:29,605 - __main__ - INFO - Processing file 419/531: data/developer-docs/apps/nextra/pages/en/build/guides/build-e2e-dapp/5-submit-data-to-chain.mdx
2025-05-27 17:48:29,605 - __main__ - INFO - Processing markdown document: data/developer-docs/apps/nextra/pages/en/build/guides/build-e2e-dapp/5-submit-data-to-chain.mdx
2025-05-27 17:48:29,605 - __main__ - INFO - Processing file 420/531: data/developer-docs/apps/nextra/pages/en/build/guides/build-e2e-dapp/6-handle-tasks.mdx
2025-05-27 17:48:29,606 - __main__ - INFO - Processing markdown document: data/developer-docs/apps/nextra/pages/en/build/guides/build-e2e-dapp/6-handle-tasks.mdx
2025-05-27 17:48:29,606 - __main__ - INFO - Progress: 420/531 files (79.1%)
2025-05-27 17:48:29,606 - __main__ - INFO - Processing file 421/531: data/developer-docs/apps/nextra/pages/en/build/guides/build-e2e-dapp/2-set-up-react-app.mdx
2025-05-27 17:48:29,606 - __main__ - INFO - Processing markdown document: data/developer-docs/apps/nextra/pages/en/build/guides/build-e2e-dapp/2-set-up-react-app.mdx
2025-05-27 17:48:29,606 - __main__ - INFO - Processing file 422/531: data/developer-docs/apps/nextra/pages/en/build/guides/build-e2e-dapp/1-create-smart-contract.mdx
2025-05-27 17:48:29,606 - __main__ - INFO - Processing markdown document: data/developer-docs/apps/nextra/pages/en/build/guides/build-e2e-dapp/1-create-smart-contract.mdx
2025-05-27 17:48:29,607 - __main__ - INFO - Processing file 423/531: data/developer-docs/apps/nextra/pages/en/build/smart-contracts/modules-on-aptos.mdx
2025-05-27 17:48:29,607 - __main__ - INFO - Processing markdown document: data/developer-docs/apps/nextra/pages/en/build/smart-contracts/modules-on-aptos.mdx
2025-05-27 17:48:29,607 - __main__ - INFO - Processing file 424/531: data/developer-docs/apps/nextra/pages/en/build/smart-contracts/compiler_v2.mdx
2025-05-27 17:48:29,607 - __main__ - INFO - Processing markdown document: data/developer-docs/apps/nextra/pages/en/build/smart-contracts/compiler_v2.mdx
2025-05-27 17:48:29,607 - __main__ - INFO - Processing file 425/531: data/developer-docs/apps/nextra/pages/en/build/smart-contracts/reference.mdx
2025-05-27 17:48:29,607 - __main__ - INFO - Processing markdown document: data/developer-docs/apps/nextra/pages/en/build/smart-contracts/reference.mdx
2025-05-27 17:48:29,607 - __main__ - INFO - Processing file 426/531: data/developer-docs/apps/nextra/pages/en/build/smart-contracts/why-move.mdx
2025-05-27 17:48:29,608 - __main__ - INFO - Processing markdown document: data/developer-docs/apps/nextra/pages/en/build/smart-contracts/why-move.mdx
2025-05-27 17:48:29,608 - __main__ - INFO - Processing file 427/531: data/developer-docs/apps/nextra/pages/en/build/smart-contracts/debugging.mdx
2025-05-27 17:48:29,608 - __main__ - INFO - Processing markdown document: data/developer-docs/apps/nextra/pages/en/build/smart-contracts/debugging.mdx
2025-05-27 17:48:29,608 - __main__ - INFO - Processing file 428/531: data/developer-docs/apps/nextra/pages/en/build/smart-contracts/vector.mdx
2025-05-27 17:48:29,608 - __main__ - INFO - Processing markdown document: data/developer-docs/apps/nextra/pages/en/build/smart-contracts/vector.mdx
2025-05-27 17:48:29,608 - __main__ - INFO - Processing file 429/531: data/developer-docs/apps/nextra/pages/en/build/smart-contracts/scripts.mdx
2025-05-27 17:48:29,608 - __main__ - INFO - Processing markdown document: data/developer-docs/apps/nextra/pages/en/build/smart-contracts/scripts.mdx
2025-05-27 17:48:29,608 - __main__ - INFO - Processing file 430/531: data/developer-docs/apps/nextra/pages/en/build/smart-contracts/tokens.mdx
2025-05-27 17:48:29,609 - __main__ - INFO - Processing markdown document: data/developer-docs/apps/nextra/pages/en/build/smart-contracts/tokens.mdx
2025-05-27 17:48:29,609 - __main__ - INFO - Progress: 430/531 files (81.0%)
2025-05-27 17:48:29,609 - __main__ - INFO - Processing file 431/531: data/developer-docs/apps/nextra/pages/en/build/smart-contracts/bcs.mdx
2025-05-27 17:48:29,609 - __main__ - INFO - Processing markdown document: data/developer-docs/apps/nextra/pages/en/build/smart-contracts/bcs.mdx
2025-05-27 17:48:29,609 - __main__ - INFO - Processing file 432/531: data/developer-docs/apps/nextra/pages/en/build/smart-contracts/book.mdx
2025-05-27 17:48:29,609 - __main__ - INFO - Processing markdown document: data/developer-docs/apps/nextra/pages/en/build/smart-contracts/book.mdx
2025-05-27 17:48:29,609 - __main__ - INFO - Processing file 433/531: data/developer-docs/apps/nextra/pages/en/build/smart-contracts/smart-table.mdx
2025-05-27 17:48:29,610 - __main__ - INFO - Processing markdown document: data/developer-docs/apps/nextra/pages/en/build/smart-contracts/smart-table.mdx
2025-05-27 17:48:29,610 - __main__ - INFO - Processing file 434/531: data/developer-docs/apps/nextra/pages/en/build/smart-contracts/prover.mdx
2025-05-27 17:48:29,610 - __main__ - INFO - Processing markdown document: data/developer-docs/apps/nextra/pages/en/build/smart-contracts/prover.mdx
2025-05-27 17:48:29,610 - __main__ - INFO - Processing file 435/531: data/developer-docs/apps/nextra/pages/en/build/smart-contracts/randomness.mdx
2025-05-27 17:48:29,610 - __main__ - INFO - Processing markdown document: data/developer-docs/apps/nextra/pages/en/build/smart-contracts/randomness.mdx
2025-05-27 17:48:29,610 - __main__ - INFO - Processing file 436/531: data/developer-docs/apps/nextra/pages/en/build/smart-contracts/error-codes.mdx
2025-05-27 17:48:29,611 - __main__ - INFO - Processing markdown document: data/developer-docs/apps/nextra/pages/en/build/smart-contracts/error-codes.mdx
2025-05-27 17:48:29,611 - __main__ - INFO - Processing file 437/531: data/developer-docs/apps/nextra/pages/en/build/smart-contracts/cryptography.mdx
2025-05-27 17:48:29,611 - __main__ - INFO - Processing markdown document: data/developer-docs/apps/nextra/pages/en/build/smart-contracts/cryptography.mdx
2025-05-27 17:48:29,611 - __main__ - INFO - Processing file 438/531: data/developer-docs/apps/nextra/pages/en/build/smart-contracts/smart-vector.mdx
2025-05-27 17:48:29,611 - __main__ - INFO - Processing markdown document: data/developer-docs/apps/nextra/pages/en/build/smart-contracts/smart-vector.mdx
2025-05-27 17:48:29,612 - __main__ - INFO - Processing file 439/531: data/developer-docs/apps/nextra/pages/en/build/smart-contracts/aptos-coin.mdx
2025-05-27 17:48:29,612 - __main__ - INFO - Processing markdown document: data/developer-docs/apps/nextra/pages/en/build/smart-contracts/aptos-coin.mdx
2025-05-27 17:48:29,612 - __main__ - INFO - Processing file 440/531: data/developer-docs/apps/nextra/pages/en/build/smart-contracts/deployment.mdx
2025-05-27 17:48:29,612 - __main__ - INFO - Processing markdown document: data/developer-docs/apps/nextra/pages/en/build/smart-contracts/deployment.mdx
2025-05-27 17:48:29,613 - __main__ - INFO - Progress: 440/531 files (82.9%)
2025-05-27 17:48:29,613 - __main__ - INFO - Processing file 441/531: data/developer-docs/apps/nextra/pages/en/build/smart-contracts/aptos-token.mdx
2025-05-27 17:48:29,613 - __main__ - INFO - Processing markdown document: data/developer-docs/apps/nextra/pages/en/build/smart-contracts/aptos-token.mdx
2025-05-27 17:48:29,613 - __main__ - INFO - Processing file 442/531: data/developer-docs/apps/nextra/pages/en/build/smart-contracts/table.mdx
2025-05-27 17:48:29,613 - __main__ - INFO - Processing markdown document: data/developer-docs/apps/nextra/pages/en/build/smart-contracts/table.mdx
2025-05-27 17:48:29,613 - __main__ - INFO - Processing file 443/531: data/developer-docs/apps/nextra/pages/en/build/smart-contracts/digital-asset.mdx
2025-05-27 17:48:29,614 - __main__ - INFO - Processing markdown document: data/developer-docs/apps/nextra/pages/en/build/smart-contracts/digital-asset.mdx
2025-05-27 17:48:29,614 - __main__ - INFO - Processing file 444/531: data/developer-docs/apps/nextra/pages/en/build/smart-contracts/compiling.mdx
2025-05-27 17:48:29,614 - __main__ - INFO - Processing markdown document: data/developer-docs/apps/nextra/pages/en/build/smart-contracts/compiling.mdx
2025-05-27 17:48:29,614 - __main__ - INFO - Processing file 445/531: data/developer-docs/apps/nextra/pages/en/build/smart-contracts/aptos-standards.mdx
2025-05-27 17:48:29,614 - __main__ - INFO - Processing markdown document: data/developer-docs/apps/nextra/pages/en/build/smart-contracts/aptos-standards.mdx
2025-05-27 17:48:29,614 - __main__ - INFO - Processing file 446/531: data/developer-docs/apps/nextra/pages/en/build/smart-contracts/fungible-asset.mdx
2025-05-27 17:48:29,614 - __main__ - INFO - Processing markdown document: data/developer-docs/apps/nextra/pages/en/build/smart-contracts/fungible-asset.mdx
2025-05-27 17:48:29,615 - __main__ - INFO - Processing file 447/531: data/developer-docs/apps/nextra/pages/en/build/smart-contracts/move-reference.mdx
2025-05-27 17:48:29,615 - __main__ - INFO - Processing markdown document: data/developer-docs/apps/nextra/pages/en/build/smart-contracts/move-reference.mdx
2025-05-27 17:48:29,615 - __main__ - INFO - Processing file 448/531: data/developer-docs/apps/nextra/pages/en/build/smart-contracts/objects.mdx
2025-05-27 17:48:29,615 - __main__ - INFO - Processing markdown document: data/developer-docs/apps/nextra/pages/en/build/smart-contracts/objects.mdx
2025-05-27 17:48:29,615 - __main__ - INFO - Processing file 449/531: data/developer-docs/apps/nextra/pages/en/build/smart-contracts/create-package.mdx
2025-05-27 17:48:29,615 - __main__ - INFO - Processing markdown document: data/developer-docs/apps/nextra/pages/en/build/smart-contracts/create-package.mdx
2025-05-27 17:48:29,615 - __main__ - INFO - Processing file 450/531: data/developer-docs/apps/nextra/pages/en/build/smart-contracts/linter.mdx
2025-05-27 17:48:29,616 - __main__ - INFO - Processing markdown document: data/developer-docs/apps/nextra/pages/en/build/smart-contracts/linter.mdx
2025-05-27 17:48:29,616 - __main__ - INFO - Progress: 450/531 files (84.7%)
2025-05-27 17:48:29,616 - __main__ - INFO - Processing file 451/531: data/developer-docs/apps/nextra/pages/en/build/smart-contracts/third-party-dependencies.mdx
2025-05-27 17:48:29,616 - __main__ - INFO - Processing markdown document: data/developer-docs/apps/nextra/pages/en/build/smart-contracts/third-party-dependencies.mdx
2025-05-27 17:48:29,617 - __main__ - INFO - Processing file 452/531: data/developer-docs/apps/nextra/pages/en/build/smart-contracts/move-security-guidelines.mdx
2025-05-27 17:48:29,617 - __main__ - INFO - Processing markdown document: data/developer-docs/apps/nextra/pages/en/build/smart-contracts/move-security-guidelines.mdx
2025-05-27 17:48:29,617 - __main__ - INFO - Processing file 453/531: data/developer-docs/apps/nextra/pages/en/build/smart-contracts/resource-accounts.mdx
2025-05-27 17:48:29,618 - __main__ - INFO - Processing markdown document: data/developer-docs/apps/nextra/pages/en/build/smart-contracts/resource-accounts.mdx
2025-05-27 17:48:29,618 - __main__ - INFO - Processing file 454/531: data/developer-docs/apps/nextra/pages/en/build/smart-contracts/object/creating-objects.mdx
2025-05-27 17:48:29,618 - __main__ - INFO - Processing markdown document: data/developer-docs/apps/nextra/pages/en/build/smart-contracts/object/creating-objects.mdx
2025-05-27 17:48:29,618 - __main__ - INFO - Processing file 455/531: data/developer-docs/apps/nextra/pages/en/build/smart-contracts/object/using-objects.mdx
2025-05-27 17:48:29,618 - __main__ - INFO - Processing markdown document: data/developer-docs/apps/nextra/pages/en/build/smart-contracts/object/using-objects.mdx
2025-05-27 17:48:29,619 - __main__ - INFO - Processing file 456/531: data/developer-docs/apps/nextra/pages/en/build/smart-contracts/scripts/script-tutorial.mdx
2025-05-27 17:48:29,619 - __main__ - INFO - Processing markdown document: data/developer-docs/apps/nextra/pages/en/build/smart-contracts/scripts/script-tutorial.mdx
2025-05-27 17:48:29,619 - __main__ - INFO - Processing file 457/531: data/developer-docs/apps/nextra/pages/en/build/smart-contracts/scripts/compiling-scripts.mdx
2025-05-27 17:48:29,619 - __main__ - INFO - Processing markdown document: data/developer-docs/apps/nextra/pages/en/build/smart-contracts/scripts/compiling-scripts.mdx
2025-05-27 17:48:29,619 - __main__ - INFO - Processing file 458/531: data/developer-docs/apps/nextra/pages/en/build/smart-contracts/scripts/writing-scripts.mdx
2025-05-27 17:48:29,619 - __main__ - INFO - Processing markdown document: data/developer-docs/apps/nextra/pages/en/build/smart-contracts/scripts/writing-scripts.mdx
2025-05-27 17:48:29,619 - __main__ - INFO - Processing file 459/531: data/developer-docs/apps/nextra/pages/en/build/smart-contracts/scripts/running-scripts.mdx
2025-05-27 17:48:29,619 - __main__ - INFO - Processing markdown document: data/developer-docs/apps/nextra/pages/en/build/smart-contracts/scripts/running-scripts.mdx
2025-05-27 17:48:29,619 - __main__ - INFO - Processing file 460/531: data/developer-docs/apps/nextra/pages/en/build/smart-contracts/book/abort-and-assert.mdx
2025-05-27 17:48:29,620 - __main__ - INFO - Processing markdown document: data/developer-docs/apps/nextra/pages/en/build/smart-contracts/book/abort-and-assert.mdx
2025-05-27 17:48:29,620 - __main__ - INFO - Progress: 460/531 files (86.6%)
2025-05-27 17:48:29,620 - __main__ - INFO - Processing file 461/531: data/developer-docs/apps/nextra/pages/en/build/smart-contracts/book/variables.mdx
2025-05-27 17:48:29,620 - __main__ - INFO - Processing markdown document: data/developer-docs/apps/nextra/pages/en/build/smart-contracts/book/variables.mdx
2025-05-27 17:48:29,620 - __main__ - INFO - Processing file 462/531: data/developer-docs/apps/nextra/pages/en/build/smart-contracts/book/uses.mdx
2025-05-27 17:48:29,622 - __main__ - INFO - Processing markdown document: data/developer-docs/apps/nextra/pages/en/build/smart-contracts/book/uses.mdx
2025-05-27 17:48:29,622 - __main__ - INFO - Processing file 463/531: data/developer-docs/apps/nextra/pages/en/build/smart-contracts/book/structs-and-resources.mdx
2025-05-27 17:48:29,622 - __main__ - INFO - Processing markdown document: data/developer-docs/apps/nextra/pages/en/build/smart-contracts/book/structs-and-resources.mdx
2025-05-27 17:48:29,623 - __main__ - INFO - Processing file 464/531: data/developer-docs/apps/nextra/pages/en/build/smart-contracts/book/vector.mdx
2025-05-27 17:48:29,623 - __main__ - INFO - Processing markdown document: data/developer-docs/apps/nextra/pages/en/build/smart-contracts/book/vector.mdx
2025-05-27 17:48:29,623 - __main__ - INFO - Processing file 465/531: data/developer-docs/apps/nextra/pages/en/build/smart-contracts/book/modules-and-scripts.mdx
2025-05-27 17:48:29,623 - __main__ - INFO - Processing markdown document: data/developer-docs/apps/nextra/pages/en/build/smart-contracts/book/modules-and-scripts.mdx
2025-05-27 17:48:29,623 - __main__ - INFO - Processing file 466/531: data/developer-docs/apps/nextra/pages/en/build/smart-contracts/book/abilities.mdx
2025-05-27 17:48:29,624 - __main__ - INFO - Processing markdown document: data/developer-docs/apps/nextra/pages/en/build/smart-contracts/book/abilities.mdx
2025-05-27 17:48:29,624 - __main__ - INFO - Processing file 467/531: data/developer-docs/apps/nextra/pages/en/build/smart-contracts/book/enums.mdx
2025-05-27 17:48:29,624 - __main__ - INFO - Processing markdown document: data/developer-docs/apps/nextra/pages/en/build/smart-contracts/book/enums.mdx
2025-05-27 17:48:29,624 - __main__ - INFO - Processing file 468/531: data/developer-docs/apps/nextra/pages/en/build/smart-contracts/book/address.mdx
2025-05-27 17:48:29,624 - __main__ - INFO - Processing markdown document: data/developer-docs/apps/nextra/pages/en/build/smart-contracts/book/address.mdx
2025-05-27 17:48:29,624 - __main__ - INFO - Processing file 469/531: data/developer-docs/apps/nextra/pages/en/build/smart-contracts/book/equality.mdx
2025-05-27 17:48:29,625 - __main__ - INFO - Processing markdown document: data/developer-docs/apps/nextra/pages/en/build/smart-contracts/book/equality.mdx
2025-05-27 17:48:29,625 - __main__ - INFO - Processing file 470/531: data/developer-docs/apps/nextra/pages/en/build/smart-contracts/book/bool.mdx
2025-05-27 17:48:29,625 - __main__ - INFO - Processing markdown document: data/developer-docs/apps/nextra/pages/en/build/smart-contracts/book/bool.mdx
2025-05-27 17:48:29,625 - __main__ - INFO - Progress: 470/531 files (88.5%)
2025-05-27 17:48:29,625 - __main__ - INFO - Processing file 471/531: data/developer-docs/apps/nextra/pages/en/build/smart-contracts/book/package-upgrades.mdx
2025-05-27 17:48:29,625 - __main__ - INFO - Processing markdown document: data/developer-docs/apps/nextra/pages/en/build/smart-contracts/book/package-upgrades.mdx
2025-05-27 17:48:29,625 - __main__ - INFO - Processing file 472/531: data/developer-docs/apps/nextra/pages/en/build/smart-contracts/book/global-storage-structure.mdx
2025-05-27 17:48:29,625 - __main__ - INFO - Processing markdown document: data/developer-docs/apps/nextra/pages/en/build/smart-contracts/book/global-storage-structure.mdx
2025-05-27 17:48:29,625 - __main__ - INFO - Processing file 473/531: data/developer-docs/apps/nextra/pages/en/build/smart-contracts/book/generics.mdx
2025-05-27 17:48:29,626 - __main__ - INFO - Processing markdown document: data/developer-docs/apps/nextra/pages/en/build/smart-contracts/book/generics.mdx
2025-05-27 17:48:29,626 - __main__ - INFO - Processing file 474/531: data/developer-docs/apps/nextra/pages/en/build/smart-contracts/book/global-storage-operators.mdx
2025-05-27 17:48:29,626 - __main__ - INFO - Processing markdown document: data/developer-docs/apps/nextra/pages/en/build/smart-contracts/book/global-storage-operators.mdx
2025-05-27 17:48:29,626 - __main__ - INFO - Processing file 475/531: data/developer-docs/apps/nextra/pages/en/build/smart-contracts/book/signer.mdx
2025-05-27 17:48:29,626 - __main__ - INFO - Processing markdown document: data/developer-docs/apps/nextra/pages/en/build/smart-contracts/book/signer.mdx
2025-05-27 17:48:29,626 - __main__ - INFO - Processing file 476/531: data/developer-docs/apps/nextra/pages/en/build/smart-contracts/book/loops.mdx
2025-05-27 17:48:29,627 - __main__ - INFO - Processing markdown document: data/developer-docs/apps/nextra/pages/en/build/smart-contracts/book/loops.mdx
2025-05-27 17:48:29,627 - __main__ - INFO - Processing file 477/531: data/developer-docs/apps/nextra/pages/en/build/smart-contracts/book/coding-conventions.mdx
2025-05-27 17:48:29,627 - __main__ - INFO - Processing markdown document: data/developer-docs/apps/nextra/pages/en/build/smart-contracts/book/coding-conventions.mdx
2025-05-27 17:48:29,627 - __main__ - INFO - Processing file 478/531: data/developer-docs/apps/nextra/pages/en/build/smart-contracts/book/conditionals.mdx
2025-05-27 17:48:29,628 - __main__ - INFO - Processing markdown document: data/developer-docs/apps/nextra/pages/en/build/smart-contracts/book/conditionals.mdx
2025-05-27 17:48:29,628 - __main__ - INFO - Processing file 479/531: data/developer-docs/apps/nextra/pages/en/build/smart-contracts/book/functions.mdx
2025-05-27 17:48:29,628 - __main__ - INFO - Processing markdown document: data/developer-docs/apps/nextra/pages/en/build/smart-contracts/book/functions.mdx
2025-05-27 17:48:29,628 - __main__ - INFO - Processing file 480/531: data/developer-docs/apps/nextra/pages/en/build/smart-contracts/book/integers.mdx
2025-05-27 17:48:29,629 - __main__ - INFO - Processing markdown document: data/developer-docs/apps/nextra/pages/en/build/smart-contracts/book/integers.mdx
2025-05-27 17:48:29,629 - __main__ - INFO - Progress: 480/531 files (90.4%)
2025-05-27 17:48:29,629 - __main__ - INFO - Processing file 481/531: data/developer-docs/apps/nextra/pages/en/build/smart-contracts/book/standard-library.mdx
2025-05-27 17:48:29,629 - __main__ - INFO - Processing markdown document: data/developer-docs/apps/nextra/pages/en/build/smart-contracts/book/standard-library.mdx
2025-05-27 17:48:29,629 - __main__ - INFO - Processing file 482/531: data/developer-docs/apps/nextra/pages/en/build/smart-contracts/book/unit-testing.mdx
2025-05-27 17:48:29,629 - __main__ - INFO - Processing markdown document: data/developer-docs/apps/nextra/pages/en/build/smart-contracts/book/unit-testing.mdx
2025-05-27 17:48:29,629 - __main__ - INFO - Processing file 483/531: data/developer-docs/apps/nextra/pages/en/build/smart-contracts/book/tuples.mdx
2025-05-27 17:48:29,630 - __main__ - INFO - Processing markdown document: data/developer-docs/apps/nextra/pages/en/build/smart-contracts/book/tuples.mdx
2025-05-27 17:48:29,630 - __main__ - INFO - Processing file 484/531: data/developer-docs/apps/nextra/pages/en/build/smart-contracts/book/SUMMARY.mdx
2025-05-27 17:48:29,630 - __main__ - INFO - Processing markdown document: data/developer-docs/apps/nextra/pages/en/build/smart-contracts/book/SUMMARY.mdx
2025-05-27 17:48:29,630 - __main__ - INFO - Processing file 485/531: data/developer-docs/apps/nextra/pages/en/build/smart-contracts/book/move-2.mdx
2025-05-27 17:48:29,630 - __main__ - INFO - Processing markdown document: data/developer-docs/apps/nextra/pages/en/build/smart-contracts/book/move-2.mdx
2025-05-27 17:48:29,630 - __main__ - INFO - Processing file 486/531: data/developer-docs/apps/nextra/pages/en/build/smart-contracts/book/references.mdx
2025-05-27 17:48:29,630 - __main__ - INFO - Processing markdown document: data/developer-docs/apps/nextra/pages/en/build/smart-contracts/book/references.mdx
2025-05-27 17:48:29,631 - __main__ - INFO - Processing file 487/531: data/developer-docs/apps/nextra/pages/en/build/smart-contracts/book/move-tutorial.mdx
2025-05-27 17:48:29,631 - __main__ - INFO - Processing markdown document: data/developer-docs/apps/nextra/pages/en/build/smart-contracts/book/move-tutorial.mdx
2025-05-27 17:48:29,631 - __main__ - INFO - Processing file 488/531: data/developer-docs/apps/nextra/pages/en/build/smart-contracts/book/packages.mdx
2025-05-27 17:48:29,631 - __main__ - INFO - Processing markdown document: data/developer-docs/apps/nextra/pages/en/build/smart-contracts/book/packages.mdx
2025-05-27 17:48:29,631 - __main__ - INFO - Processing file 489/531: data/developer-docs/apps/nextra/pages/en/build/smart-contracts/book/constants.mdx
2025-05-27 17:48:29,631 - __main__ - INFO - Processing markdown document: data/developer-docs/apps/nextra/pages/en/build/smart-contracts/book/constants.mdx
2025-05-27 17:48:29,632 - __main__ - INFO - Processing file 490/531: data/developer-docs/apps/nextra/pages/en/build/smart-contracts/book/friends.mdx
2025-05-27 17:48:29,632 - __main__ - INFO - Processing markdown document: data/developer-docs/apps/nextra/pages/en/build/smart-contracts/book/friends.mdx
2025-05-27 17:48:29,632 - __main__ - INFO - Progress: 490/531 files (92.3%)
2025-05-27 17:48:29,632 - __main__ - INFO - Processing file 491/531: data/developer-docs/apps/nextra/pages/en/build/smart-contracts/prover/spec-lang.mdx
2025-05-27 17:48:29,632 - __main__ - INFO - Processing markdown document: data/developer-docs/apps/nextra/pages/en/build/smart-contracts/prover/spec-lang.mdx
2025-05-27 17:48:29,633 - __main__ - INFO - Processing file 492/531: data/developer-docs/apps/nextra/pages/en/build/smart-contracts/prover/prover-guide.mdx
2025-05-27 17:48:29,633 - __main__ - INFO - Processing markdown document: data/developer-docs/apps/nextra/pages/en/build/smart-contracts/prover/prover-guide.mdx
2025-05-27 17:48:29,633 - __main__ - INFO - Processing file 493/531: data/developer-docs/apps/nextra/pages/en/build/smart-contracts/prover/supporting-resources.mdx
2025-05-27 17:48:29,633 - __main__ - INFO - Processing markdown document: data/developer-docs/apps/nextra/pages/en/build/smart-contracts/prover/supporting-resources.mdx
2025-05-27 17:48:29,634 - __main__ - INFO - Processing file 494/531: data/developer-docs/apps/nextra/pages/en/build/indexer/indexer-sdk.mdx
2025-05-27 17:48:29,634 - __main__ - INFO - Processing markdown document: data/developer-docs/apps/nextra/pages/en/build/indexer/indexer-sdk.mdx
2025-05-27 17:48:29,634 - __main__ - INFO - Processing file 495/531: data/developer-docs/apps/nextra/pages/en/build/indexer/legacy.mdx
2025-05-27 17:48:29,634 - __main__ - INFO - Processing markdown document: data/developer-docs/apps/nextra/pages/en/build/indexer/legacy.mdx
2025-05-27 17:48:29,634 - __main__ - INFO - Processing file 496/531: data/developer-docs/apps/nextra/pages/en/build/indexer/indexer-api.mdx
2025-05-27 17:48:29,634 - __main__ - INFO - Processing markdown document: data/developer-docs/apps/nextra/pages/en/build/indexer/indexer-api.mdx
2025-05-27 17:48:29,634 - __main__ - INFO - Processing file 497/531: data/developer-docs/apps/nextra/pages/en/build/indexer/txn-stream.mdx
2025-05-27 17:48:29,634 - __main__ - INFO - Processing markdown document: data/developer-docs/apps/nextra/pages/en/build/indexer/txn-stream.mdx
2025-05-27 17:48:29,634 - __main__ - INFO - Processing file 498/531: data/developer-docs/apps/nextra/pages/en/build/indexer/legacy/indexer-fullnode.mdx
2025-05-27 17:48:29,634 - __main__ - INFO - Processing markdown document: data/developer-docs/apps/nextra/pages/en/build/indexer/legacy/indexer-fullnode.mdx
2025-05-27 17:48:29,634 - __main__ - INFO - Processing file 499/531: data/developer-docs/apps/nextra/pages/en/build/indexer/legacy/custom-data-model.mdx
2025-05-27 17:48:29,635 - __main__ - INFO - Processing markdown document: data/developer-docs/apps/nextra/pages/en/build/indexer/legacy/custom-data-model.mdx
2025-05-27 17:48:29,635 - __main__ - INFO - Processing file 500/531: data/developer-docs/apps/nextra/pages/en/build/indexer/legacy/migration.mdx
2025-05-27 17:48:29,635 - __main__ - INFO - Processing markdown document: data/developer-docs/apps/nextra/pages/en/build/indexer/legacy/migration.mdx
2025-05-27 17:48:29,635 - __main__ - INFO - Progress: 500/531 files (94.2%)
2025-05-27 17:48:29,635 - __main__ - INFO - Processing file 501/531: data/developer-docs/apps/nextra/pages/en/build/indexer/txn-stream/aptos-hosted-txn-stream.mdx
2025-05-27 17:48:29,635 - __main__ - INFO - Processing markdown document: data/developer-docs/apps/nextra/pages/en/build/indexer/txn-stream/aptos-hosted-txn-stream.mdx
2025-05-27 17:48:29,635 - __main__ - INFO - Processing file 502/531: data/developer-docs/apps/nextra/pages/en/build/indexer/txn-stream/self-hosted.mdx
2025-05-27 17:48:29,635 - __main__ - INFO - Processing markdown document: data/developer-docs/apps/nextra/pages/en/build/indexer/txn-stream/self-hosted.mdx
2025-05-27 17:48:29,635 - __main__ - INFO - Processing file 503/531: data/developer-docs/apps/nextra/pages/en/build/indexer/txn-stream/local-development.mdx
2025-05-27 17:48:29,635 - __main__ - INFO - Processing markdown document: data/developer-docs/apps/nextra/pages/en/build/indexer/txn-stream/local-development.mdx
2025-05-27 17:48:29,635 - __main__ - INFO - Processing file 504/531: data/developer-docs/apps/nextra/pages/en/build/indexer/indexer-sdk/documentation.mdx
2025-05-27 17:48:29,635 - __main__ - INFO - Processing markdown document: data/developer-docs/apps/nextra/pages/en/build/indexer/indexer-sdk/documentation.mdx
2025-05-27 17:48:29,636 - __main__ - INFO - Processing file 505/531: data/developer-docs/apps/nextra/pages/en/build/indexer/indexer-sdk/quickstart.mdx
2025-05-27 17:48:29,636 - __main__ - INFO - Processing markdown document: data/developer-docs/apps/nextra/pages/en/build/indexer/indexer-sdk/quickstart.mdx
2025-05-27 17:48:29,636 - __main__ - INFO - Processing file 506/531: data/developer-docs/apps/nextra/pages/en/build/indexer/indexer-sdk/documentation/version-tracking.mdx
2025-05-27 17:48:29,636 - __main__ - INFO - Processing markdown document: data/developer-docs/apps/nextra/pages/en/build/indexer/indexer-sdk/documentation/version-tracking.mdx
2025-05-27 17:48:29,636 - __main__ - INFO - Processing file 507/531: data/developer-docs/apps/nextra/pages/en/build/indexer/indexer-sdk/documentation/advanced-tutorials.mdx
2025-05-27 17:48:29,636 - __main__ - INFO - Processing markdown document: data/developer-docs/apps/nextra/pages/en/build/indexer/indexer-sdk/documentation/advanced-tutorials.mdx
2025-05-27 17:48:29,636 - __main__ - INFO - Processing file 508/531: data/developer-docs/apps/nextra/pages/en/build/indexer/indexer-sdk/documentation/steps.mdx
2025-05-27 17:48:29,636 - __main__ - INFO - Processing markdown document: data/developer-docs/apps/nextra/pages/en/build/indexer/indexer-sdk/documentation/steps.mdx
2025-05-27 17:48:29,636 - __main__ - INFO - Processing file 509/531: data/developer-docs/apps/nextra/pages/en/build/indexer/indexer-sdk/documentation/create-processor.mdx
2025-05-27 17:48:29,637 - __main__ - INFO - Processing markdown document: data/developer-docs/apps/nextra/pages/en/build/indexer/indexer-sdk/documentation/create-processor.mdx
2025-05-27 17:48:29,637 - __main__ - INFO - Processing file 510/531: data/developer-docs/apps/nextra/pages/en/build/indexer/indexer-sdk/documentation/connect-steps.mdx
2025-05-27 17:48:29,637 - __main__ - INFO - Processing markdown document: data/developer-docs/apps/nextra/pages/en/build/indexer/indexer-sdk/documentation/connect-steps.mdx
2025-05-27 17:48:29,638 - __main__ - INFO - Progress: 510/531 files (96.0%)
2025-05-27 17:48:29,638 - __main__ - INFO - Processing file 511/531: data/developer-docs/apps/nextra/pages/en/build/indexer/indexer-sdk/documentation/run-processor.mdx
2025-05-27 17:48:29,639 - __main__ - INFO - Processing markdown document: data/developer-docs/apps/nextra/pages/en/build/indexer/indexer-sdk/documentation/run-processor.mdx
2025-05-27 17:48:29,640 - __main__ - INFO - Processing file 512/531: data/developer-docs/apps/nextra/pages/en/build/indexer/indexer-sdk/documentation/define-schema.mdx
2025-05-27 17:48:29,640 - __main__ - INFO - Processing markdown document: data/developer-docs/apps/nextra/pages/en/build/indexer/indexer-sdk/documentation/define-schema.mdx
2025-05-27 17:48:29,641 - __main__ - INFO - Processing file 513/531: data/developer-docs/apps/nextra/pages/en/build/indexer/indexer-sdk/documentation/setup.mdx
2025-05-27 17:48:29,641 - __main__ - INFO - Processing markdown document: data/developer-docs/apps/nextra/pages/en/build/indexer/indexer-sdk/documentation/setup.mdx
2025-05-27 17:48:29,641 - __main__ - INFO - Processing file 514/531: data/developer-docs/apps/nextra/pages/en/build/indexer/indexer-sdk/documentation/steps/transaction-stream.mdx
2025-05-27 17:48:29,642 - __main__ - INFO - Processing markdown document: data/developer-docs/apps/nextra/pages/en/build/indexer/indexer-sdk/documentation/steps/transaction-stream.mdx
2025-05-27 17:48:29,643 - __main__ - INFO - Processing file 515/531: data/developer-docs/apps/nextra/pages/en/build/indexer/indexer-sdk/documentation/steps/parsing-txns.mdx
2025-05-27 17:48:29,644 - __main__ - INFO - Processing markdown document: data/developer-docs/apps/nextra/pages/en/build/indexer/indexer-sdk/documentation/steps/parsing-txns.mdx
2025-05-27 17:48:29,644 - __main__ - INFO - Processing file 516/531: data/developer-docs/apps/nextra/pages/en/build/indexer/indexer-sdk/advanced-tutorials/migration-guide.mdx
2025-05-27 17:48:29,644 - __main__ - INFO - Processing markdown document: data/developer-docs/apps/nextra/pages/en/build/indexer/indexer-sdk/advanced-tutorials/migration-guide.mdx
2025-05-27 17:48:29,644 - __main__ - INFO - Processing file 517/531: data/developer-docs/apps/nextra/pages/en/build/indexer/indexer-sdk/advanced-tutorials/txn-importer.mdx
2025-05-27 17:48:29,644 - __main__ - INFO - Processing markdown document: data/developer-docs/apps/nextra/pages/en/build/indexer/indexer-sdk/advanced-tutorials/txn-importer.mdx
2025-05-27 17:48:29,645 - __main__ - INFO - Processing file 518/531: data/developer-docs/apps/nextra/pages/en/build/indexer/indexer-api/token-metadata.mdx
2025-05-27 17:48:29,645 - __main__ - INFO - Processing markdown document: data/developer-docs/apps/nextra/pages/en/build/indexer/indexer-api/token-metadata.mdx
2025-05-27 17:48:29,645 - __main__ - INFO - Processing file 519/531: data/developer-docs/apps/nextra/pages/en/build/indexer/indexer-api/fungible-asset-info.mdx
2025-05-27 17:48:29,645 - __main__ - INFO - Processing markdown document: data/developer-docs/apps/nextra/pages/en/build/indexer/indexer-api/fungible-asset-info.mdx
2025-05-27 17:48:29,645 - __main__ - INFO - Processing file 520/531: data/developer-docs/apps/nextra/pages/en/build/indexer/indexer-api/indexer-reference.mdx
2025-05-27 17:48:29,646 - __main__ - INFO - Processing markdown document: data/developer-docs/apps/nextra/pages/en/build/indexer/indexer-api/indexer-reference.mdx
2025-05-27 17:48:29,646 - __main__ - INFO - Progress: 520/531 files (97.9%)
2025-05-27 17:48:29,646 - __main__ - INFO - Processing file 521/531: data/developer-docs/apps/nextra/pages/en/build/indexer/indexer-api/account-transactions.mdx
2025-05-27 17:48:29,646 - __main__ - INFO - Processing markdown document: data/developer-docs/apps/nextra/pages/en/build/indexer/indexer-api/account-transactions.mdx
2025-05-27 17:48:29,646 - __main__ - INFO - Processing file 522/531: data/developer-docs/apps/nextra/pages/en/build/indexer/indexer-api/get-nft-collections.mdx
2025-05-27 17:48:29,647 - __main__ - INFO - Processing markdown document: data/developer-docs/apps/nextra/pages/en/build/indexer/indexer-api/get-nft-collections.mdx
2025-05-27 17:48:29,647 - __main__ - INFO - Processing file 523/531: data/developer-docs/apps/nextra/pages/en/build/indexer/indexer-api/ans-lookup.mdx
2025-05-27 17:48:29,647 - __main__ - INFO - Processing markdown document: data/developer-docs/apps/nextra/pages/en/build/indexer/indexer-api/ans-lookup.mdx
2025-05-27 17:48:29,647 - __main__ - INFO - Processing file 524/531: data/developer-docs/apps/nextra/pages/en/build/indexer/indexer-api/fungible-asset-balances.mdx
2025-05-27 17:48:29,647 - __main__ - INFO - Processing markdown document: data/developer-docs/apps/nextra/pages/en/build/indexer/indexer-api/fungible-asset-balances.mdx
2025-05-27 17:48:29,647 - __main__ - INFO - Processing file 525/531: data/developer-docs/apps/nextra/pages/en/build/indexer/indexer-api/get-nfts.mdx
2025-05-27 17:48:29,647 - __main__ - INFO - Processing markdown document: data/developer-docs/apps/nextra/pages/en/build/indexer/indexer-api/get-nfts.mdx
2025-05-27 17:48:29,647 - __main__ - INFO - Processing file 526/531: data/developer-docs/apps/nextra/pages/en/build/indexer/indexer-api/get-delegators.mdx
2025-05-27 17:48:29,648 - __main__ - INFO - Processing markdown document: data/developer-docs/apps/nextra/pages/en/build/indexer/indexer-api/get-delegators.mdx
2025-05-27 17:48:29,648 - __main__ - INFO - Processing file 527/531: data/developer-docs/apps/nextra/pages/en/build/indexer/indexer-api/architecture.mdx
2025-05-27 17:48:29,648 - __main__ - INFO - Processing markdown document: data/developer-docs/apps/nextra/pages/en/build/indexer/indexer-api/architecture.mdx
2025-05-27 17:48:29,648 - __main__ - INFO - Processing file 528/531: data/developer-docs/apps/nextra/pages/en/build/indexer/indexer-api/self-hosted.mdx
2025-05-27 17:48:29,648 - __main__ - INFO - Processing markdown document: data/developer-docs/apps/nextra/pages/en/build/indexer/indexer-api/self-hosted.mdx
2025-05-27 17:48:29,649 - __main__ - INFO - Processing file 529/531: data/developer-docs/apps/nextra/pages/en/build/get-started/ethereum-cheatsheet.mdx
2025-05-27 17:48:29,649 - __main__ - INFO - Processing markdown document: data/developer-docs/apps/nextra/pages/en/build/get-started/ethereum-cheatsheet.mdx
2025-05-27 17:48:29,649 - __main__ - INFO - Processing file 530/531: data/developer-docs/apps/nextra/pages/en/build/get-started/solana-cheatsheet.mdx
2025-05-27 17:48:29,649 - __main__ - INFO - Processing markdown document: data/developer-docs/apps/nextra/pages/en/build/get-started/solana-cheatsheet.mdx
2025-05-27 17:48:29,649 - __main__ - INFO - Progress: 530/531 files (99.8%)
2025-05-27 17:48:29,649 - __main__ - INFO - Processing file 531/531: data/developer-docs/apps/nextra/pages/en/build/get-started/developer-setup.mdx
2025-05-27 17:48:29,649 - __main__ - INFO - Processing markdown document: data/developer-docs/apps/nextra/pages/en/build/get-started/developer-setup.mdx
2025-05-27 17:48:29,649 - __main__ - INFO - Created 3824 chunks from 531 files
2025-05-27 17:48:29,649 - __main__ - INFO - Starting relationship calculation for 3824 chunks...
2025-05-27 17:48:29,650 - __main__ - INFO - Calculating relationships: chunk 0/3824 (0.0%)
2025-05-27 17:48:30,136 - __main__ - INFO -   - Made 1000 comparisons for chunk 0
2025-05-27 17:48:30,628 - __main__ - INFO -   - Made 2000 comparisons for chunk 0
2025-05-27 17:48:31,084 - __main__ - INFO -   - Made 3000 comparisons for chunk 0
2025-05-27 17:48:31,523 - __main__ - INFO -   Found 183 relationships for chunk 0
2025-05-27 17:48:31,945 - __main__ - INFO -   - Made 1000 comparisons for chunk 1
2025-05-27 17:48:32,383 - __main__ - INFO -   - Made 2000 comparisons for chunk 1
2025-05-27 17:48:32,792 - __main__ - INFO -   - Made 3000 comparisons for chunk 1
2025-05-27 17:48:33,188 - __main__ - INFO -   Found 179 relationships for chunk 1
2025-05-27 17:48:33,518 - __main__ - INFO -   - Made 1000 comparisons for chunk 2
2025-05-27 17:48:33,864 - __main__ - INFO -   - Made 2000 comparisons for chunk 2
2025-05-27 17:48:34,184 - __main__ - INFO -   - Made 3000 comparisons for chunk 2
2025-05-27 17:48:34,502 - __main__ - INFO -   Found 209 relationships for chunk 2
2025-05-27 17:48:34,933 - __main__ - INFO -   - Made 1000 comparisons for chunk 3
2025-05-27 17:48:35,375 - __main__ - INFO -   - Made 2000 comparisons for chunk 3
2025-05-27 17:48:35,781 - __main__ - INFO -   - Made 3000 comparisons for chunk 3
2025-05-27 17:48:36,168 - __main__ - INFO -   Found 95 relationships for chunk 3
2025-05-27 17:48:36,691 - __main__ - INFO -   - Made 1000 comparisons for chunk 4
2025-05-27 17:48:37,225 - __main__ - INFO -   - Made 2000 comparisons for chunk 4
2025-05-27 17:48:37,710 - __main__ - INFO -   - Made 3000 comparisons for chunk 4
2025-05-27 17:48:38,164 - __main__ - INFO -   Found 71 relationships for chunk 4
2025-05-27 17:48:38,784 - __main__ - INFO -   - Made 1000 comparisons for chunk 5
2025-05-27 17:48:39,465 - __main__ - INFO -   - Made 2000 comparisons for chunk 5
2025-05-27 17:48:40,084 - __main__ - INFO -   - Made 3000 comparisons for chunk 5
2025-05-27 17:48:40,691 - __main__ - INFO -   Found 66 relationships for chunk 5
2025-05-27 17:48:41,177 - __main__ - INFO -   - Made 1000 comparisons for chunk 6
2025-05-27 17:48:41,647 - __main__ - INFO -   - Made 2000 comparisons for chunk 6
2025-05-27 17:48:42,089 - __main__ - INFO -   - Made 3000 comparisons for chunk 6
2025-05-27 17:48:42,506 - __main__ - INFO -   Found 77 relationships for chunk 6
2025-05-27 17:48:43,009 - __main__ - INFO -   - Made 1000 comparisons for chunk 7
2025-05-27 17:48:43,528 - __main__ - INFO -   - Made 2000 comparisons for chunk 7
2025-05-27 17:48:44,020 - __main__ - INFO -   - Made 3000 comparisons for chunk 7
2025-05-27 17:48:44,479 - __main__ - INFO -   Found 67 relationships for chunk 7
2025-05-27 17:48:44,785 - __main__ - INFO -   - Made 1000 comparisons for chunk 8
2025-05-27 17:48:45,102 - __main__ - INFO -   - Made 2000 comparisons for chunk 8
2025-05-27 17:48:45,394 - __main__ - INFO -   - Made 3000 comparisons for chunk 8
2025-05-27 17:48:45,691 - __main__ - INFO -   Found 112 relationships for chunk 8
2025-05-27 17:48:46,092 - __main__ - INFO -   - Made 1000 comparisons for chunk 9
2025-05-27 17:48:46,511 - __main__ - INFO -   - Made 2000 comparisons for chunk 9
2025-05-27 17:48:46,905 - __main__ - INFO -   - Made 3000 comparisons for chunk 9
2025-05-27 17:48:47,299 - __main__ - INFO -   Found 165 relationships for chunk 9
2025-05-27 17:48:47,299 - __main__ - INFO - Calculating relationships: chunk 10/3824 (0.3%)
2025-05-27 17:48:47,299 - __main__ - INFO - Estimated remaining time: 6731.5 seconds (112.2 minutes)
2025-05-27 17:48:47,668 - __main__ - INFO -   - Made 1000 comparisons for chunk 10
2025-05-27 17:48:48,055 - __main__ - INFO -   - Made 2000 comparisons for chunk 10
2025-05-27 17:48:48,414 - __main__ - INFO -   - Made 3000 comparisons for chunk 10
2025-05-27 17:48:48,763 - __main__ - INFO -   Found 238 relationships for chunk 10
2025-05-27 17:48:49,096 - __main__ - INFO -   - Made 1000 comparisons for chunk 11
2025-05-27 17:48:49,448 - __main__ - INFO -   - Made 2000 comparisons for chunk 11
2025-05-27 17:48:49,772 - __main__ - INFO -   - Made 3000 comparisons for chunk 11
2025-05-27 17:48:50,106 - __main__ - INFO -   Found 218 relationships for chunk 11
2025-05-27 17:48:50,516 - __main__ - INFO -   - Made 1000 comparisons for chunk 12
2025-05-27 17:48:50,899 - __main__ - INFO -   - Made 2000 comparisons for chunk 12
2025-05-27 17:48:51,266 - __main__ - INFO -   - Made 3000 comparisons for chunk 12
2025-05-27 17:48:51,614 - __main__ - INFO -   Found 1 relationships for chunk 12
2025-05-27 17:48:52,115 - __main__ - INFO -   - Made 1000 comparisons for chunk 13
2025-05-27 17:48:52,633 - __main__ - INFO -   - Made 2000 comparisons for chunk 13
2025-05-27 17:48:53,122 - __main__ - INFO -   - Made 3000 comparisons for chunk 13
2025-05-27 17:48:53,603 - __main__ - INFO -   Found 315 relationships for chunk 13
2025-05-27 17:48:54,092 - __main__ - INFO -   - Made 1000 comparisons for chunk 14
2025-05-27 17:48:54,597 - __main__ - INFO -   - Made 2000 comparisons for chunk 14
2025-05-27 17:48:55,078 - __main__ - INFO -   - Made 3000 comparisons for chunk 14
2025-05-27 17:48:55,522 - __main__ - INFO -   Found 302 relationships for chunk 14
2025-05-27 17:48:57,005 - __main__ - INFO -   - Made 1000 comparisons for chunk 15
2025-05-27 17:48:58,514 - __main__ - INFO -   - Made 2000 comparisons for chunk 15
2025-05-27 17:48:59,999 - __main__ - INFO -   - Made 3000 comparisons for chunk 15
2025-05-27 17:49:01,278 - __main__ - INFO -   Found 39 relationships for chunk 15
2025-05-27 17:49:01,796 - __main__ - INFO -   - Made 1000 comparisons for chunk 16
2025-05-27 17:49:02,348 - __main__ - INFO -   - Made 2000 comparisons for chunk 16
